GID,1,2,3,4,5,6,8,9,10,11,13,14,15,16,17,18,19,20,24,25,26,27,28,29,30,33,35,36,37,38,40,42,47,48,52,53,54,55,57,58,60,61,64,65,66,67,68,69,70,72,75,76,77,78,81,82,83,85,87,89,90,92,93,94,95,96,97,103,106,107,112,114,121,123,125,128,131,133,135,136,138,139,141,142,143,145,148,154,156,158,159,161,165,172,173,177
5,0.293488078730634,-0.173916270220658,0.0595253035813504,-0.179980031804402,1.03840300285425,-0.0737089961164056,0.151656426606733,0.151656426606733,-0.233853469445984,0.093712503313234,-0.0355665151343726,-0.0701213545322973,-0.232680296690685,0.266383892247421,-0.0770830673855044,0.110242641130488,0.112172368617097,-0.0725430006312911,0.12830770936886,-0.0859721271508619,-0.415454371065951,0.154322394905027,-0.142379999506476,-0.231851718586734,-0.0942528387232435,0.0621507520610109,0.13387180147891,-0.182058863075076,-0.15039314097793,-0.0160707520893019,0.324379012039574,0.351067970350691,-0.0108972977938223,0.0596983860069309,-0.366007078162152,0.0929792877593653,0.0875103721078208,0.0720924204682177,-0.0522577964296297,0.0377816910257432,0.290466384181324,-0.482654046344646,-0.235188714947757,-0.195382845466415,-0.00427879820407896,-0.345255162062187,0.451349180546636,-0.305539997711655,-0.218993343767808,0.0423383071857582,-0.0431484260838218,0.178015875316094,0.0612086170633316,-0.153127180093567,0.0431374627864037,-0.231115553762694,0.112676675037358,0.388443782887845,-0.37788164129287,-0.439511685852152,0.214759572069079,0.194270891699404,0.18358731499453,0.111112300284736,0.0412803832790907,-0.0308572027117595,-0.319317131529531,0.261723798106876,-0.17066623766367,0.0376135715992535,-0.0389486012659301,-0.191833415837862,-0.398914890787533,0.0144801077157781,-0.0029993818927408,0.308765088222813,0.504602756338932,0.453725289605666,0.0408229712679413,-0.163752167887217,-0.0176158538689443,0.072589760607614,-0.169080525119273,-0.210775866471922,0.439943781559278,-0.0864447333755498,0.00372901211130694,-0.37175807181605,0.136084105261025,0.0367092711205392,-0.106993236348182,-0.0860771462955466,0.0373996370837191,0.00852324176997914,0.224039842552588,-0.379640579530857
11,0.254609833265764,-0.202176819839884,0.032615211705671,0.156722748561996,0.093712503313234,-0.0114717373169155,0.397928846070542,0.397928846070542,-0.153608080356042,1.06101666301009,-0.223753550069134,-0.125828822339401,0.100696662642475,0.0716496415800743,0.135760386205569,0.0649142914851981,-0.173730765068199,-0.225140090906735,0.0768441118339064,-0.256733643211494,-0.229872634917305,0.148382434049974,-0.266631218101541,-0.114469151810291,0.183515691489092,0.17766849585333,-0.0820081175126479,0.230770638751769,0.271620028067309,-0.254926793734162,0.0745641627307007,0.376893838304456,-0.0304467772830005,-0.251932432498569,-0.0162531890405222,-3.823976222734e-4,-0.0582448454459758,-0.48830124495545,-0.16937013403991,0.10935943602195,-0.236347544765289,-0.250546952683461,-0.102345218267401,0.230293347673151,-0.113876186996834,-0.121531370808239,0.129150637913949,-0.0973113548262501,-0.184013512271348,-0.0209539804706554,-0.146424502284032,0.181079532361035,0.340747316470399,-0.2650121513101,-0.00907043966787927,-0.203987743041235,0.147605195917533,0.257205297562889,-0.129130214379105,-0.0223075727660011,0.215914103449989,0.207571968522604,0.200951399972672,-0.278105844260229,0.188800262395338,0.0286812005111062,-0.33137466307375,0.0679947527549681,-0.245668035391158,0.228941660040367,0.0295850135479045,-0.105478200761684,-0.164346373835468,0.131251248759614,-0.39133963136783,0.0338198078237593,0.219523801402221,-0.359610952741572,0.285377818235738,0.301757709774743,-0.067644260756607,-0.384284682950992,-0.0841384106185889,-0.26619882908633,-0.139774287172271,-0.359714237036242,-0.283333691203189,0.213051479187935,-0.329336860831449,0.549342083036979,0.260483339525655,-0.0906571420434315,0.382936867829012,-0.203288260805511,0.0500353367781725,0.0231599020821989
13,-0.124524974044883,-0.339159033054863,0.218478028157101,0.0612498471146039,-0.0355665151343726,-0.0996509039579064,-0.173312803655902,-0.173312803655902,0.306142345583371,-0.223753550069134,1.01599419753086,-0.17841535939277,0.147859080994411,-0.10563758671019,0.109097149471608,0.026790598349984,-0.0314341843793792,0.203045776058523,-0.496124610233822,-0.241066508520987,0.131562691848611,-0.242675982747349,0.161175786755072,-0.192801114235395,0.0450617832970056,-0.0144901892053683,-0.0426733797207307,0.104154233185659,-0.328147913428545,0.112778247312593,-0.284352171133172,-0.308963311809739,-0.00978610372117258,-0.0226474605149589,-0.0672123388481225,-0.0631818152948041,-0.171084623597274,0.28268439717775,-0.0718833317516948,0.331626598872396,0.146813388833857,0.181321539927093,-0.227455966843476,0.182559332528602,-0.190082994835565,0.0932682089543187,0.111819147151964,0.0827806402848424,0.0928261971961291,0.0733322847342821,0.155806630066639,-0.11832837356207,-0.413967797812115,0.01386628111499,-0.351007353397326,0.22968794556644,-0.0324438954761865,-0.23289176816138701,0.0918636021436145,-0.095330568011115,0.205822324439148,-0.0901514571301994,-0.223111104992227,0.330651869935236,-0.131023144353767,-0.299018506326363,0.196279945281647,-0.0439649952319058,0.0989494947288674,-5.0157162959027e-4,0.0817555676943863,-0.120685054148069,-0.256325746168072,0.177949228898223,0.288355842665042,0.0718578039096927,0.220627688782297,0.0608221220867887,-0.186268331815041,-0.139861136796783,0.441684919499516,-0.0140874603778009,-0.0620493934720118,0.0520028224506796,0.0902017212135175,0.0972206789598141,0.384153407273055,0.00233235140577193,0.0133777274684974,-0.440435699057146,0.0207885728125799,-0.023584519520538,0.0256105256496498,-0.0330378309238417,0.283644441598513,-0.0902617781042054
14,-0.305217155042679,0.378737062907819,0.146970742753246,0.0455540098769354,-0.0701213545322973,-0.166333251722245,-0.104394696379328,-0.104394696379328,-0.237402125705052,-0.125828822339401,-0.17841535939277,1.01080954448791,0.123104686787357,0.304724421214163,-0.00294887689916271,0.0260300754313844,0.267065996974269,0.138124206438115,0.206212042110672,0.439550040441535,0.0773954562583454,-0.00866770301860655,-0.163201650181304,-0.0225390662805982,0.029079215803586,-0.304747218247643,0.117518158459844,-0.085530532968743,-0.101667092747913,-0.258453852805271,-0.113217933341547,0.221536293510543,-0.0320313032524171,0.0384652376160384,-0.0322925744809188,-0.252718190870062,-0.0940859367831293,-0.362913085086528,-0.194852426475736,-0.065867070189694,0.229395847151809,0.0210764614670707,-0.150214155323196,-0.441655172107435,0.333880096001031,-0.3249122779691,-0.379662516305519,0.0589452169082496,0.353009538060365,-0.0848821519072072,-0.170979621782996,0.195644980663198,-0.163729439925242,0.200927647895497,0.100253829385825,-0.083051756574903,-0.0434335263527056,-0.115938689317536,0.106129817330979,-0.17598519917053,-0.266437633755167,0.0202581549746905,0.0787267704785624,0.212202984073334,0.0137126373506558,0.0632215889862711,0.100890992749218,0.371279392938217,0.0229893218131733,-0.270509924685949,-0.109728502485411,0.239030105289469,0.140552610552256,-0.179816883854087,-0.0531954345223306,0.0751995055440191,0.145103226418003,0.0264417546088043,0.110225591909064,-0.426469892054153,-0.160275253267502,0.114929782951597,0.25177491275657,0.232543122229626,-0.115253947129887,-0.0632470956825321,0.146565777301158,0.0405504921278585,-0.130095333119986,-0.180422262116018,0.00951229252364133,-0.312598567835696,-0.0620711887808021,0.217783648299586,0.222747246146637,-0.17397413680994
16,0.23923958699261,-0.10262856175925,-0.227169592789774,0.199322178921346,0.266383892247421,-0.185240998617554,0.302452064818532,0.302452064818532,-0.326451284735816,0.0716496415800743,-0.10563758671019,0.304724421214163,-0.288974830415846,0.924350296571712,0.0815803741521686,-0.0890815164951876,-0.0632501247492208,-0.309427211020658,0.128055261465974,0.19014408762032,-0.218590216498958,-0.0521968573287416,-0.20689712441317,-0.33133869959358,-0.0837457544201167,-0.209234542601565,0.080090763941021,0.32156002508634,-0.225125250474588,-0.163929842083465,-0.0403217264078817,0.178007139200408,-0.240086181288426,0.0613484031246399,-0.259672999453423,0.111921417165112,-0.0259488665250033,-0.142586812754558,0.14600096882278,0.269165299818382,0.172046226805407,-0.0910561506184825,-0.0248320368790519,0.0221325113551079,0.133947073837701,-0.168025279723462,0.0506669880488292,-0.282789128345112,-0.174320717732895,0.0895123427933252,-0.182054495730423,0.290613319210026,0.268924818292726,-0.0354779858641538,-0.00246697718255088,-0.0214836408502935,0.364887144500729,0.16100923124263,-0.0685490972499447,-0.472023963291139,-0.128045875179196,-0.0783843287482482,0.324280924452018,0.169960133991924,0.189390172127122,-0.245628146936341,-0.044810772861013,0.570813303322525,-0.089141385822425,-0.268474383828992,-0.233420433931513,0.162326201784148,-0.0410519012321297,0.191575951072112,-0.184977735498182,0.228005010728428,0.0783686039641002,0.110116372413207,0.112335350512833,-0.340976932876347,-0.0665188945333741,0.222937533491514,0.185678704836153,-0.0193538888865752,0.167298526685404,-0.256907430607384,0.0578657997255907,-0.130277221472627,-0.206541498562488,-0.109710727607585,-0.346342654253775,-0.125538600373515,0.0570414061164524,-0.0118092927943455,-0.0282643399495494,-0.183389038311462
24,0.181758977391327,0.411186150162664,-0.445573208944465,0.0384871287786703,0.12830770936886,-0.242903051557031,0.122023384052129,0.122023384052129,-0.177662985351207,0.0768441118339064,-0.496124610233822,0.206212042110672,-0.174138536224408,0.128055261465974,-0.0753083289678445,-0.198607556627211,0.182002445633634,-0.107299652308202,1.0817422229743,0.115058620402601,-0.141791926378705,0.626001723904069,-0.0139232091849009,0.192971803443232,-0.104692238481379,0.22146950078684,0.0194502230640628,-0.0250426185797912,-0.0278232016171001,-0.212152591850292,-0.160415146805606,0.124071622651018,-0.121611272385607,0.0928632468847863,0.21019237513362,0.313003315899639,0.352498201802711,-0.101555046705476,0.257626263501606,-0.0503407168901573,-0.259686886700473,-0.209564790410834,0.0974127342110466,0.115676881843484,0.13454329351900499,0.0556829878692412,-0.214268180659985,-0.23806327652927,0.0654381614910861,-0.367226702891393,-0.0110284901870023,0.297490961429058,0.40301828960323,-0.266893821653946,0.0407519683320689,-0.279848373981549,0.488899746201322,-0.0119009597869868,-0.146619767969556,-0.0255485539723451,-0.365677253277891,-0.0568321650008442,0.172678614244532,0.00853153941724453,0.0990305934389033,-0.120897128195337,-0.150084827061483,0.044792523323735,-0.201278419330441,-0.142914855793238,-0.219162531310009,0.301433071960177,0.151659322398091,0.0709708870660079,-0.252683191448962,0.103991307972137,0.0601276083652788,-0.223109423730856,0.476036527270991,0.0581079044802127,-0.525324212691854,0.0275272526804824,-0.0791769699018239,0.21378014671204,-0.316406875056443,-0.0180272014366273,-0.281502887194869,-0.248657495327733,-0.219176271630713,0.453404292879796,-0.179677581512861,-0.188080148682973,0.00468118663425004,-0.0346927691062067,-0.368548380490951,-0.0499912266232149
27,0.00951969219583303,0.23299743346361,-0.211194150573214,-0.0721931607152698,0.154322394905027,-0.121543017807813,0.21719789169401,0.21719789169401,-0.219853628533052,0.148382434049974,-0.242675982747349,-0.00866770301860655,-0.311160054658866,-0.0521968573287416,0.296691523630542,0.0552461603353506,0.299374342314494,-0.0861345385701072,0.626001723904069,-0.0737362361997763,-0.319926614780556,1.08886455399685,-0.287205527632231,-0.125045940662608,0.152879786954633,0.47953602615958,0.186039880867283,-0.122812676566589,-0.205730975581911,-0.234793271404208,-0.0259005280811015,0.267134654279551,-0.21328977216582,0.168640930963541,0.0310781408599296,0.148184145970007,0.147619558385692,-0.0974099166496912,0.148263469339465,0.0309266819281586,-0.188498937147653,-0.274363780503731,0.0560264974017226,0.0243391586752337,0.233623140137509,0.0141187917224881,-0.11850465569175,-0.326580985572717,0.23194272674436,-0.15520886231992,0.037477089253769,0.0918168926151358,0.269641269189203,-0.125666457625142,-0.010413191751701,-0.252526649580195,0.0789078146517448,0.350781269057859,-0.165978650717865,-0.0447328548917635,-0.178614489386199,-0.0743433914571675,0.0401910420108295,-0.210545024196444,0.0568129155341511,0.0237612558116278,-0.309984615176907,-0.158579211473038,-0.439303566835408,0.0699453201443316,-0.192484167078248,0.18172302386593,0.0194704836198186,0.0756588753935151,-0.157631681839843,0.0718238972641261,0.154571820072116,-0.287503705046923,0.262507660885685,-0.0294018202287089,-0.385509425937419,-0.199587586016277,-0.00662898547613416,0.0996464302841134,-0.138231159825395,-0.31421549498053,-0.233220912738622,-0.253961776484461,-0.0301380683897089,0.548391266222641,0.14590386876108,-0.115069581237799,0.398707935348927,0.0611920647195341,-0.273270735450927,-0.0229108485429519
29,-0.210846787436615,0.192889605144012,0.00541508276013547,0.126912854170228,-0.231851718586734,-0.0751980181147124,-0.180169096806812,-0.180169096806812,-0.0409254057727863,-0.114469151810291,-0.192801114235395,-0.0225390662805982,0.203834887408397,-0.33133869959358,-0.399019270048334,0.125350940065561,-0.132028679336578,-0.0364725737500588,0.192971803443232,0.0958137745115931,0.232795577913028,-0.125045940662608,0.378999201776005,0.969586000369854,0.0383072227939466,0.0986247799892378,-0.245984954411404,0.133126019849938,0.230650980812375,0.120429035671257,0.126124043706818,-0.00538089286825499,0.263507290179227,-0.0247234099221088,0.0902118168710697,0.0198399215774516,0.00285627215934229,0.171774136746495,-0.362019454385354,-0.106150139024223,-0.350177791250891,0.0219101803762528,0.293698383627936,-0.0394620266650988,-0.114247197202816,-0.154299463518725,-0.0795596852873918,0.206084901218013,0.14340799178674,-0.390775768589146,0.251407905315381,-0.225046763256109,-0.0917574257540348,-0.196512236202883,0.190451463132771,-0.220817711414103,0.00178594577474795,-0.166063611985668,0.117634992464842,0.185603477028557,0.0430155557904289,0.197781436262235,0.157698532776289,-0.177450608018421,0.285030243425142,0.298808600560344,0.102578833540249,-0.259915167879468,-0.0662479526143503,-0.019096703491329,-0.097059716927956,-0.151196882803326,0.462668796399394,0.157664869619906,-0.200228710706131,-0.232193598508886,-0.253989886314237,-0.153416311635787,0.286403386682635,0.0644650600943417,-0.0324788653815214,0.0490243292093109,0.105060636383072,-0.0204542969784379,-0.383776620715583,0.21856136304421,-0.457800683991154,-0.0222736298826088,-0.0258785339231239,0.0575201387891664,-0.169844076884005,-0.0975860526771758,-0.288283630914578,0.067540329203172,0.0300683788417519,0.33912810196211
30,-0.225080292372484,-0.242875966170349,0.0621718240965049,-0.00406605366572405,-0.0942528387232435,0.313932007867297,0.126966295512334,0.126966295512334,0.207494324291419,0.183515691489092,0.0450617832970056,0.029079215803586,-0.406137757234578,-0.0837457544201167,0.195125979579613,0.130782474499087,0.108053257125872,0.436799609074212,-0.104692238481379,-0.20349286580092,-0.0793836472178436,0.152879786954633,0.0481656004111779,0.0383072227939466,1.05207439499153,0.149251694605449,-0.157976890775584,-0.0195249082930136,-0.00901527496754401,-0.365710993914658,-0.0548708773971916,0.0495641626176773,-0.188156616318806,-0.120941879119112,-0.104863511136159,-0.248913342766331,-0.145276901039865,-0.127329997790359,-0.111820281333404,0.0620779992612964,-0.126970872527118,-0.212839407615716,-0.031715007940236,-0.180422657520002,0.0515970419361937,-0.0066390718334335,0.0544973415681448,-0.265112571959214,0.224006353865431,0.0903081513832286,0.0640707205296048,-0.195182730835959,-0.114472434946113,-0.281618338417894,-0.438606792192877,-0.303094923764169,0.0253444863145837,0.0469527484183039,-0.329786382250398,-0.111777483719094,0.337570925894136,0.0258940256475278,0.0213985102156904,-0.250480873883287,0.0743556911699075,0.161310461019644,-0.270684809052342,-0.0112085045508509,0.0307249228535139,0.134124561980934,0.0949555531751293,-0.103328808972622,-0.0917843096913408,0.212116941708162,0.321941326132344,-0.272272454539767,0.100272559800699,0.00463109988531285,0.0817362895175019,-0.0610127269888397,0.0436854093095545,-0.0380053180262724,0.0927953776047377,-0.159387028676253,-0.0778024016554863,-0.290669104227304,0.215596673246728,0.354094256570747,0.199391955585311,-0.100318158955198,0.426937493244502,0.0158087596685878,0.350586397248237,-0.0169192686229237,0.2450118620939,-0.179746185068997
33,0.201705400995515,-0.0670575850928741,-0.0551931475159589,-0.0069395338903578,0.0621507520610109,0.110805673521672,0.134254638339096,0.134254638339096,-0.188794872424819,0.17766849585333,-0.0144901892053683,-0.304747218247643,-0.0133143391796335,-0.209234542601565,0.236103562122179,-0.0582833167843947,-0.242228441004001,-0.105063487398216,0.22146950078684,-0.165663465945483,-0.142210459402922,0.47953602615958,-0.00802850961370558,0.0986247799892378,0.149251694605449,1.08818809857681,0.092755298602998,0.0588253259555215,0.232817174952442,-0.258048563821802,0.259343427673011,0.174355017325997,-0.284716376957428,0.0530799448690356,-0.101202441441626,0.169308584707796,-0.165333553793497,-0.0205236860899305,-0.118045609368531,0.0601159629652918,-0.3708474001635,-0.34418159601606,-0.0603527602080418,-0.0124281994573211,0.108963100800884,-0.0930764124890054,0.0408447842451071,-0.147891188412342,0.0474749348529226,-0.0543408845853824,0.196085510721308,-0.219053200343576,0.0267799369846362,-0.329648439672383,-0.00290006852708399,-0.253151500329079,0.22488245463044,0.155380042727805,0.0659507901180935,0.141998627829327,0.160263273726969,0.136862568739968,0.175168096189623,-0.518889036031947,0.0523740927226565,0.350254819566654,-0.149699050585447,-0.228595677355874,-0.386146301181683,0.464812717912537,0.158747901816403,0.0950331406679539,-0.00579260170703226,0.347248276550573,-0.251300884833452,-0.132926923894683,-0.0666220056904015,-0.172510641959171,0.305935274765513,0.0480257272115635,-0.109883964075748,-0.315759902134743,0.0382518728559677,-0.144238937399758,-0.148780449183004,-0.227264801517731,-0.33771069831706,0.0141473010927644,-0.308171750456258,0.373230854446078,0.10051553638526,-0.184246798094789,0.291951772131152,-0.171847695986618,-0.104163791349017,0.0657454936438735
35,-0.130748957884784,0.20008658210626,0.108262860344027,0.104874699981976,0.13387180147891,0.18890615834205499,0.0594269155874201,0.0594269155874201,-0.157484987975989,-0.0820081175126479,-0.0426733797207307,0.117518158459844,-0.17878554840586,0.080090763941021,0.183676400216496,-0.133140550534004,0.0824910616152827,-0.162092594072497,0.0194502230640628,-0.0791673898472684,-0.156162782164802,0.186039880867283,-0.227853966859849,-0.245984954411404,-0.157976890775584,0.092755298602998,1.03605921013127,0.021465455607657,-0.219111224490836,-0.0889897916651125,0.220354208712486,0.166498194881254,-0.155207027485491,0.166416408928058,-0.035159818607931,-0.293375586439179,-0.342275622614188,-0.172743501572793,0.109604556599026,0.0201088089816665,0.136012815319367,0.100537521018892,-0.120448618187506,-0.254193857062473,0.59176392170751,0.01056465615904,-0.0764177792530213,0.0201787106639976,-0.0632820819984551,-0.105239801232717,-0.0597598169871564,0.0130624011605955,0.0508967092979669,0.384905222400306,-0.0514560348376695,0.0984403240935292,-0.270992454634623,0.311304404868974,0.138686921551455,-0.067316809336995,-0.152670611911947,0.326746834193174,0.111821887123515,-0.238833718506811,0.103250824104939,0.152477743172991,-0.0617386460765496,0.24324380734323,-0.19688397459184,-0.0771359669255567,-0.0860985173111639,0.133891039991934,-0.12357400523294,-0.148208692991803,-0.119926220146908,0.259576875286846,0.0525822085120372,-0.23684313513467,-0.0662063131775922,-0.297356534805517,-0.341188761525158,-0.0126022359344137,-0.141281313155305,-0.254821164541838,0.156187965312045,-0.0137299184054071,-0.0259416093004115,-0.232246200474468,0.098955630538109,-0.0785930835999186,0.117274212924894,-0.153739266010828,0.275900190953389,0.0145428297982842,-0.1811280382323,0.110607653031416
37,0.012713535824983,-0.0978969876125449,0.180479111304582,-0.176725911194338,-0.15039314097793,0.114714094411766,-0.0939398928808082,-0.0939398928808082,-0.0827457170060119,0.271620028067309,-0.328147913428545,-0.101667092747913,0.388226761607015,-0.225125250474588,-0.219876350455822,-0.20593278992158,-0.308455099660782,0.0803008329194362,-0.0278232016171001,-0.0466365161474081,0.168864677306719,-0.205730975581911,-0.0355800865408333,0.230650980812375,-0.00901527496754401,0.232817174952442,-0.219111224490836,-0.0419689319431708,1.01344411117291,-0.129995717156727,0.316669605962899,0.0912956364833838,0.0475534354219998,-0.259770853221482,0.178728644194263,0.156910482685539,-0.0473773009159273,4.8699632905578e-4,-0.276017873168236,-0.146777497456305,-0.180358103031988,-0.111179419322966,-0.0204870401766612,-0.0570795824305241,-0.145649154952275,-0.157379735941791,0.0467943770000683,0.186944757135282,-0.237653108190342,0.0816508647474002,-0.0423067849610652,0.0757311846902006,-0.104873427966173,-0.0465315816510981,0.174489233916546,-0.125536447215615,-0.00233099125098533,-0.207791606359279,0.0460355815707991,0.216588156643529,0.201361544159261,0.0334883559854552,0.00360629461588438,-0.35851340410902,-0.0986818503183754,0.385114758110273,0.114502205557108,-0.335417063616188,0.0974726421788395,0.241795484788626,0.386162946910976,-0.0973837673438768,0.10213967073128,-0.112320705381926,-0.0932595479317121,-0.0716447049832521,-0.342990693229812,0.0168810522361578,0.0677495943497444,0.243725807567005,-0.0542306172354828,0.012159728127689,0.0757027041107021,0.0183893408980953,-0.143345893807487,0.0598604890480357,-0.22621814918589,0.264384462819049,-0.115072789511633,0.149713055238829,0.0548815071663755,0.0111703998148937,-0.0945845488978324,0.0889325796117949,0.0873251379551173,0.0832421843107023
40,-0.0120042369001006,7.5143058467757e-4,0.270025430361563,-0.153418799673577,0.324379012039574,0.309208072896147,-0.0966196392606369,-0.0966196392606369,-0.184177116286104,0.0745641627307007,-0.284352171133172,-0.113217933341547,0.0821874206927513,-0.0403217264078817,-0.253208513998872,-0.0201656888776041,-0.0704973179337803,-0.312466089021593,-0.160415146805606,0.0454647478441568,-0.145340653963846,-0.0259005280811015,-0.130707483067637,0.126124043706818,-0.0548708773971916,0.259343427673011,0.220354208712486,0.0403929689419909,0.316669605962899,-0.125371756869072,0.982006447073081,0.321501748868917,-0.225005276507316,0.106027517537763,-0.0177850291699561,-0.0935075578473918,-0.117520555530624,0.075602263639306,-0.174041444264674,-0.0176917507048175,0.0208255217903895,-0.197158544899507,-0.0666070072351689,-0.216872288341626,0.104727653025669,-0.430103920711102,0.350824851070946,-0.0369375608362772,-0.0772100895078988,0.0165931381590724,0.18826859399136,-0.174776610361648,-0.0265575466758924,0.0492181908340472,0.268718986427355,-0.289940746165036,-0.0953200826800046,0.25016608320493,0.154583991439325,0.0331401483801427,0.117979977354146,0.288863584064682,-0.0410825178348352,-0.446185844374636,0.0972960215014538,0.399948801246263,-0.141483779335835,-0.217930742981416,-0.324519918356175,0.297299098173486,0.264535224553891,-0.245031659678431,0.132977614084482,-0.130899853495416,-0.180366016584332,-0.0426326978261077,-0.157837746116625,0.159914502435584,0.0879574959967932,-0.0320517629710179,0.0895354251693127,-0.0504043805109932,-0.0713749539005829,-0.401773962671633,0.184003150990318,-0.00439081885604581,-0.312690561249567,-0.104855030209554,0.0847508218499636,-0.0026866136034111,0.00885268537436948,-0.154567214537653,0.112293537123633,-0.101180923256631,0.137649710154059,0.24513101040828
52,-0.16101648567134,0.231712698181147,0.148380795537568,-0.0302084431302177,-0.366007078162152,0.130156013331682,-0.31126681515564403,-0.31126681515564403,0.233570987331422,-0.0162531890405222,-0.0672123388481225,-0.0322925744809188,0.143125921796024,-0.259672999453423,-0.393395301462955,-0.416269752771344,0.137817808122574,0.0700583829655966,0.21019237513362,0.110920422615251,0.409893542695902,0.0310781408599296,0.227104687242166,0.0902118168710697,-0.104863511136159,-0.101202441441626,-0.035159818607931,0.0448627011759405,0.178728644194263,-0.256063385868737,-0.0177850291699561,-0.15095316473033701,-0.124912396197373,-0.115068038940454,1.03459613174113,0.152392400449756,0.329685725881945,0.0126349587399381,0.259489309264238,0.0942046940377686,-0.178312203048047,0.333366998939902,-0.0446651892496739,0.179774655802934,-0.126604202564165,0.346191967808296,-0.172102902849347,0.245026977743135,0.0670394859992629,-0.270282915846311,-0.170106153720044,0.178992660590184,0.0436613799663276,0.125314478828935,0.0489849677291439,1.5224356272222e-4,0.0527287546323413,-0.554339323295465,0.294269766723156,0.458806528520155,-0.438081386423497,0.0928453695748738,-0.421024109919335,0.121056444614581,0.00643762716540825,-0.117947437112249,0.0110758525409345,-0.205749302876505,-0.0273461059273835,0.088798608765005893,0.0785656093521763,0.144773185663957,0.17753480654971,-0.34226431330469,-0.00185129762139613,-0.0245239914387204,-0.289115583961352,-0.337619102020382,0.245171390445967,0.204195277988949,-0.159796108475658,-0.247500042572268,-0.259520919470333,0.053967018145477,-0.212935466529011,0.347863661063184,-0.168203658065507,0.0548155365362759,-0.00925588608833306,0.110470889166849,3.9403573461601e-4,-0.0912182064899582,0.00671013467736756,-0.102927780220752,-0.272944804543188,0.117303500057675
57,0.254040264811734,0.0470003855969159,-0.48929160086088,0.17085963732034,-0.0522577964296297,0.121794340894018,0.0262844986370757,0.0262844986370757,0.21451211924147,-0.16937013403991,-0.0718833317516948,-0.194852426475736,-0.310989035186404,0.14600096882278,0.216930082123513,-0.275064868243049,0.0712762222247081,-0.0445811123558362,0.257626263501606,0.0176872606605645,-0.0472141610987938,0.148263469339465,-0.0210931018833765,-0.362019454385354,-0.111820281333404,-0.118045609368531,0.109604556599026,-0.0389283115737139,-0.276017873168236,-0.0368072431725895,-0.174041444264674,-0.147141286160218,-0.249011553935882,0.330357810062365,0.259489309264238,0.216098331104029,0.136803310319246,0.0174553066043819,0.978584763632568,0.00932959795468415,-0.0301455455582785,0.208267838799843,-0.0206403026995857,0.268271084425101,0.175644164067833,0.499211486375264,0.0538746029738245,-0.235290674484404,-0.16192403388083,0.0620417628781054,-0.177822320552157,0.114270445104995,0.472473695298866,-0.0322993301373893,-0.260372081409597,0.161561450390457,0.241994962087599,-0.0245946886445069,-0.124507418284168,0.0686943824736021,-0.273402030942602,-0.233008253533008,-0.128896244951858,0.122336444789485,-0.217590646004626,-0.423611270998541,-0.102258356742004,0.0603515750644436,0.133639491102771,0.0357862980898024,-0.148448513107196,0.145064033309545,-0.0034067161671523802,-0.0497547371179589,0.162755829814371,0.0023191820178596,0.00268647200257225,-0.00444939461640938,-0.128111481188537,0.2344271466778,-0.167443265001653,0.0290352505967764,-0.267627250072226,-0.0628833254052846,0.297103404813574,0.0397553458657045,0.0973334835758705,-0.119831654503473,-0.0193586563893342,-0.022939819718547,-0.0753979647660022,0.0601215931397156,-0.065672476538689,-0.216288417183567,-0.28991486468319,-0.246982062116891
61,-0.233938224002767,0.0584969792642153,-0.00291593206888551,0.21798107310148301,-0.482654046344646,-0.0217264015338853,-0.270553979569663,-0.270553979569663,0.11774022422071,-0.250546952683461,0.181321539927093,0.0210764614670707,0.132711443559245,-0.0910561506184825,-0.104481439334503,-0.142035758043025,-0.0632459455356555,-0.0850106585097038,-0.209564790410834,0.119957365610425,0.371289343625513,-0.274363780503731,0.121534439547741,0.0219101803762528,-0.212839407615716,-0.34418159601606,0.100537521018892,0.29322835736988,-0.111179419322966,0.187694466667284,-0.197158544899507,-0.269904179224954,0.0881076824135897,0.0668972284538289,0.333366998939902,-0.0920630454381904,0.0175062982160294,0.0599950854189943,0.208267838799843,0.0549743091882805,-0.0554105342820414,0.917307330421194,0.194212867126599,0.175215891243329,-0.0823245483070563,0.271554844390111,-0.240862545675897,0.252167501414888,-0.15238424319145,-0.149043852003505,-0.0224784296000036,-0.0811729882207853,0.0156766545596202,0.319791745588083,-0.0328646717310584,0.329805798115043,-0.157286688081658,-0.327359543488282,0.193331149858797,0.166009668443778,-0.269495926453978,-0.105844246823096,-0.206440973587971,0.255161389227121,0.0228516718799004,-0.0961076696865692,0.271341820974169,0.0159436678481298,0.105482742358565,-0.243437752626377,-0.0744512420098682,0.111449097408215,0.0760345957133147,-0.239139639633858,0.131198091972018,-0.0528334944324626,-0.316470708612254,-0.257373907282578,-0.100965017758751,0.0899410875795901,0.0118160196043672,0.127690155833745,0.0707337734357141,0.147004975416099,-0.167809648991211,0.287525070889007,0.0196085748825727,0.0328554314229218,0.0215524427062146,-0.240060409204117,-0.0408200150371714,0.0770883486914554,-0.218027444095112,0.0217914334943346,-0.110543373143961,0.264245065522203
67,0.0771925609066417,0.0988593136515111,-0.326278259020643,-0.0661655528891892,-0.345255162062187,0.173030870319365,-0.00408732182355004,-0.00408732182355004,0.256106565798474,-0.121531370808239,0.0932682089543187,-0.3249122779691,-0.167951279841396,-0.168025279723462,0.140239251163233,-0.0997133693791993,-0.0368843822804761,0.075009788557162893,0.0556829878692412,-0.144565719235051,0.129848513279347,0.0141187917224881,0.225399095748566,-0.154299463518725,-0.0066390718334335,-0.0930764124890054,0.01056465615904,-0.102371324619264,-0.157379735941791,0.152262519095171,-0.430103920711102,-0.395806316701814,0.0624407919229178,0.0864589549092745,0.346191967808296,0.0727702205586561,0.234264755662568,0.079264357908255,0.499211486375264,-0.193685116087542,-0.181899760895253,0.271554844390111,0.280852697485423,0.226931261214817,-0.059270569435065,0.964699003802789,-0.124786292232866,-0.0115215009719836,-0.110883429025617,0.0474592727532244,-0.0710304937296725,-0.143323415555898,0.203581316776147,0.147013594093857,-0.207389080574153,0.385188735250937,-0.105593606605389,-0.124376240255345,0.0551336399277512,0.269947843761027,-0.180395475599249,-0.218756084119508,-0.115395624744609,0.0719272599447127,-0.293884666152924,-0.214492764769001,-0.037565763782064,-0.141235803634255,0.266484776919651,0.098360776258508,-0.152232187180102,0.0374363425544777,0.00293794601318348,-0.0586182378574116,0.168120039688443,-0.210019939596292,-0.144038992729796,-0.247533344332068,-0.103213562170552,0.293219443865426,-0.114659998613032,-0.0901598647627673,-0.170719490311256,-0.066937187041569493,-0.0169054698373056,0.114049745526177,0.102910940926828,0.166450849770408,0.0774260080469908,0.11645946122692,0.0407461818737956,0.361989596787055,-0.11812177641566,-0.0636620587286156,-0.410751391822886,-8.7450498756243e-4
68,9.9639598022787e-4,-0.514814874546268,0.056882057606341,-0.107934090461956,0.451349180546636,0.0676403656939511,-0.118921336550123,-0.118921336550123,0.132122060618286,0.129150637913949,0.111819147151964,-0.379662516305519,-0.117397217644727,0.0506669880488292,-0.0609392731929336,0.125350459282363,-0.115793725358231,-0.132466335142027,-0.214268180659985,-0.278977803409572,-0.130109759829115,-0.11850465569175,-0.0502056865477825,-0.0795596852873918,0.0544973415681448,0.0408447842451071,-0.0764177792530213,0.0512379020439063,0.0467943770000683,0.0316984747553466,0.350824851070946,0.205203570895973,5.84802107555914e-5,-0.171789494543341,-0.172102902849347,0.0720874832361478,-0.256523174793251,0.119254150171996,0.0538746029738245,0.105181950029587,0.164781307332681,-0.240862545675897,-0.207237851378125,0.216284721256484,-0.00763410989162001,-0.124786292232866,1.01163536173638,-0.0205034799078863,-0.287666217746295,0.102179894277481,0.0504418635380392,0.120289105097029,0.0771258178802726,-0.0710575960903882,-0.226875071259622,-0.148050177096519,0.0447933282349916,0.33806126858474,-0.24952594816716,-0.291870309851417,0.490033310651349,0.253633936194901,0.00579144925106049,-0.097807259342758,0.153232786543617,0.0634493481516522,-0.18145545317993,-0.10444289694066,-0.0888965199412159,0.145266482820833,0.223663995117264,-0.56606444681877,-0.222888707962809,-0.0288034950429734,0.067461057607761,0.160904346137712,0.185373042714059,0.271812001463613,-0.028380897849613,0.05435297046242,0.40441029939424,-0.00622647386677169,-0.393890561766714,-0.395933686322582,0.534716838311416,-0.0757771563670371,-0.020535982557002,-0.18141032639695,0.229280973389693,-0.0407015839911506,-0.0541119513777134,0.00863987690756528,0.177622910307887,-0.230496288768944,0.212138797799625,-0.215709235801269
70,-0.355348921245318,0.45671803556589,0.204361429096186,-0.0590937312780411,-0.218993343767808,-0.108287029850398,-0.343611099826622,-0.343611099826622,0.12453173559003,-0.184013512271348,0.0928261971961291,0.353009538060365,0.0730156348714518,-0.174320717732895,0.0117055318582227,0.165791802754928,0.198872139488372,0.130743107112753,0.0654381614910861,0.345926019318255,0.290360969644309,0.23194272674436,-0.0784025594171851,0.14340799178674,0.224006353865431,0.0474749348529226,-0.0632820819984551,-0.0870781325328931,-0.237653108190342,-0.375741067696511,-0.0772100895078988,0.14383765791658,-0.263615091845877,0.164629107037884,0.0670394859992629,-0.0810109404905395,-0.112845914314373,-0.113598705195232,-0.16192403388083,-0.00152239287870843,-0.0889666324906705,-0.15238424319145,0.0179494530946052,-0.377907400572422,0.258294344289873,-0.110883429025617,-0.287666217746295,0.0582366070725873,1.00213765282437,-0.186027853536631,0.0103239712521267,-0.240642450837619,-0.381248750796172,-0.0612967273954676,0.076759613066951,-0.0052320127924172,-0.0716375604663456,-0.179019793596743,0.208055230512943,0.0599524185347834,-0.0385083593248876,0.0757580996678789,-0.184291998260967,0.0932269749351612,-0.0679424130616386,0.109498206678689,0.073789654292787707,-0.120514087589608,-0.128272344214326,0.0154436964934391,-0.020064924289697,0.1697945343076,0.354561643514901,0.102170301397186,-0.0768578915796256,-0.0176107991854821,0.168377969064556,-0.110425986309827,0.299941470389194,-0.0991089188180982,-0.00278447617952658,-0.229180654383113,0.0575729224175456,8.3915834240151e-4,-0.134207821627347,-0.160202246885248,0.0325171303982213,0.0662277308576359,-0.0572819938177841,0.0797740665780349,0.0335313335796154,-0.12090329442685,0.111054872907674,-0.0902860431435568,0.131054503160902,0.0400387794105056
75,-0.118527117279343,0.0571770838297484,-0.138405093182385,0.0929070361059156,-0.0431484260838218,0.249427605595287,-0.19117502306446,-0.19117502306446,0.0562972508307064,-0.146424502284032,0.155806630066639,-0.170979621782996,0.137279184373611,-0.182054495730423,0.0714062650231386,0.265612105327926,-0.0926711560505156,0.0101928815099094,-0.0110284901870023,-0.271850348995881,-0.177314656159783,0.037477089253769,0.122160905138171,0.251407905315381,0.0640707205296048,0.196085510721308,-0.0597598169871564,-0.0622179930797919,-0.0423067849610652,0.259246686225115,0.18826859399136,-0.230547570556433,0.186975337685431,0.356155156641192,-0.170106153720044,-0.492337224676494,0.0877367120166384,0.41469668710069,-0.177822320552157,-0.0837125573567832,0.0765978342640136,-0.0224784296000036,0.399513797933614,0.0995367045468653,-0.15782114679797,-0.0710304937296725,0.0504418635380392,-0.0918759493632593,0.0103239712521267,-0.100024225813322,0.987032712188012,-0.519768626761716,-0.0914270885661504,-0.112705367625127,-0.161689592547292,-0.0810881350349833,-0.0523501780000161,0.234814480154633,0.0645425408835304,-0.017887766395131,0.197203111825744,-0.346885961180061,-0.160183709143742,-0.10703655114863,-0.240281360070024,0.0873657851768069,0.113904682443716,-0.338099384349614,-0.210196056096554,0.259821632169731,0.0234844009035035,-0.358853566682176,0.120989942772501,0.138412261855357,0.0245986665565456,-0.22821724416047,-0.136204314459,-0.068499817047364,-0.0326646184861937,0.124619837819965,0.223764796130471,-0.0515417971083873,0.0144895271065752,-0.192197451085227,-0.290100561227838,0.289676451777487,-0.0415979326122733,0.103911902778299,0.229075809561601,-0.181098178330529,0.179534644707377,0.00831894398519138,-0.19224372648625,0.0467801302686599,0.0584016058252531,0.282068219956843
76,0.155444857335373,-0.236600597651968,-0.0100612540318466,-0.220672637806228,0.178015875316094,-0.476266977027306,0.112016453272449,0.112016453272449,-0.0483273889876988,0.181079532361035,-0.11832837356207,0.195644980663198,-0.137270414431624,0.290613319210026,-0.0375806345410981,-0.265245226711193,0.195375676641968,0.0148780579330616,0.297490961429058,-0.0809819586250563,0.0339980255966197,0.0918168926151358,-0.294686493179122,-0.225046763256109,-0.195182730835959,-0.219053200343576,0.0130624011605955,0.129309698867991,0.0757311846902006,-0.2409351581783,-0.174776610361648,0.341542334547575,-0.0423379728532688,-0.403095833743078,0.178992660590184,0.486940176889822,0.0935410687787311,-0.279994642829312,0.114270445104995,0.246395076289268,0.234019623234262,-0.0811729882207853,-0.389341996583218,0.221954014927694,0.0791445854149416,-0.143323415555898,0.120289105097029,-0.129508664357827,-0.240642450837619,0.0818193816227214,-0.519768626761716,1.0409646123982,0.0812189215889824,0.0438759913844393,-0.0409046012481123,-0.14734741806822,0.256027488567507,-0.179892504794186,-0.226505220941972,-0.235751718989059,-0.115123345710264,0.108290011647262,-0.0294712500227924,0.193379627963479,0.226072604167537,-0.197490121868596,0.00401167723476969,0.196436630616293,0.211526756720594,-0.445963533482161,0.183815486857538,0.11343900459282,-0.13029500479006,-0.210900511641492,0.033752218638039,0.61961473371456,0.115804113532449,0.0642657736203712,2.0166721496305e-4,-0.271079785089082,-0.121459264657731,0.153511595101528,-0.1580805643853,0.365857599905875,0.0972091757805121,-0.160712558857373,0.164133532188787,-0.204683892409879,-0.182233724200727,0.172523002910441,-0.319158114610307,-0.0577156600121121,0.329469930665516,0.0192446793694696,-0.0975014936553321,-0.327576378536124
77,0.3814777930466,0.0558828776974427,-0.477183026222995,0.326383091680756,0.0612086170633316,0.0384580062959285,0.354700712989471,0.354700712989471,-0.159328460686289,0.340747316470399,-0.413967797812115,-0.163729439925242,-0.1406614648771,0.268924818292726,0.167338481097572,-0.0052914898474026,2.147585785103e-4,-0.442446080391515,0.40301828960323,0.0849816240629612,-0.398528131170468,0.269641269189203,5.8297027104537e-4,-0.0917574257540348,-0.114472434946113,0.0267799369846362,0.0508967092979669,0.154619280312235,-0.104873427966173,0.123735402863894,-0.0265575466758924,0.0893920690604839,-0.0221555447323438,0.0762948556843224,0.0436613799663276,0.160947637685518,0.114263925970668,-0.199811927224629,0.472473695298866,-0.105724336301423,-0.246979674582697,0.0156766545596202,0.135705257357994,0.291395898051031,0.0125957948087649,0.203581316776147,0.0771258178802726,-0.131457182212135,-0.381248750796172,-0.0521201114426439,-0.0914270885661504,0.0812189215889824,0.982245244736881,-0.111438349719241,0.0702575261635545,-0.00794990526943561,0.24079247152158,0.359059606768717,-0.114860394605305,-0.00957740613272765,-0.36631426030159697,-0.0395814241364767,0.301459181130706,-0.129178450086618,0.0902170966502014,-0.199108902892229,-0.271809162752163,0.172002380209906,-0.22975107173606,0.101178146947365,-0.364561059681304,0.0193206057449634,0.00632041435505029,0.00306377710467279,-0.315021295354389,-0.213837835609061,0.0681513306058096,-0.184957204851001,0.0760716596364047,0.256945249238147,-0.167015558483743,-0.1857691854738,-0.0981929389902058,-0.118556277743379,0.0807589992945453,-0.232844697010299,-0.244750982484549,-0.190786051425094,-0.190682442474465,0.373518847798816,-0.00118822467280975,-0.0988183275883232,-0.0688961859551917,-0.263076855322957,-0.289873012161653,0.038130373663911
82,-0.0286256307853884,0.134270251904813,-0.0839708249441745,0.0350719638038739,-0.231115553762694,-0.128755485641094,-0.202261268339029,-0.202261268339029,0.115563065716027,-0.203987743041235,0.22968794556644,-0.083051756574903,0.165278084164229,-0.0214836408502935,0.124929013916113,-0.0494180490703771,-0.268479218245917,-0.16608568581537,-0.279848373981549,0.0859970973549402,0.244972812899579,-0.252526649580195,0.0174563231855406,-0.220817711414103,-0.303094923764169,-0.253151500329079,0.0984403240935292,0.0105694513489407,-0.125536447215615,0.334295765263506,-0.289940746165036,-0.382978761281613,0.0762082111852797,-0.0717501043902552,1.5224356272222e-4,-0.0785012316719566,-0.0647203890571157,0.123989472207221,0.161561450390457,-0.126321362537137,0.00148017046793943,0.329805798115043,0.180200222949589,-0.0519198157715054,-0.0611399675902963,0.385188735250937,-0.148050177096519,0.284890103172764,-0.0052320127924172,0.0208621351008287,-0.0810881350349833,-0.14734741806822,-0.00794990526943561,0.329317572192511,0.147271313007985,0.864407561090081,-0.156344503978625,-0.0990994543047549,0.286841165455158,0.151528648502798,-0.222719142894881,-0.0827238566966091,0.0324452843864537,0.278795981290863,-0.272487434359233,-0.132057801027254,0.327593103859613,0.0173652519527069,0.207555752473646,-0.0745499022540661,-0.178305735221253,0.0770258931519848,-0.00688133074638748,0.0581917064060258,0.0278331772587916,-0.0734472844868828,-0.200426950363183,-0.110121623480854,-0.203256213166735,0.00778180222178655,6.9777610187656e-4,0.136350439735323,0.00182047219910744,0.157500871351838,0.0957941483277734,0.159620675354083,0.0999002806757132,0.0497971658108424,0.0310983623891033,-0.102576625247145,-0.143316463165802,0.338662824059981,-0.249740011881515,-0.0379839844550636,-0.236368736556941,0.15775094183153
83,0.464242415971278,-0.113201237717633,-0.406091106805765,0.20111759853048,0.112676675037358,-0.0992287237379266,0.105643711300851,0.105643711300851,0.148444957060591,0.147605195917533,-0.0324438954761865,-0.0434335263527056,-0.101953376622971,0.364887144500729,-0.0244168432798795,-0.343398103228178,-0.0978765368414607,-0.12919142129122901,0.488899746201322,0.109733057090053,-0.00207728205133611,0.0789078146517448,0.176030707999521,0.00178594577474795,0.0253444863145837,0.22488245463044,-0.270992454634623,0.346373391831568,-0.00233099125098533,-0.272238027759815,-0.0953200826800046,-0.103456399183862,-0.507224427756993,-0.0628647000628081,0.0527287546323413,0.378033568954587,0.130464960840402,-0.0364011677671835,0.241994962087599,0.112357252010929,-0.208242357714377,-0.157286688081658,-0.194388806217,0.304986281963974,-0.123832950734293,-0.105593606605389,0.0447933282349916,-0.234230753786075,-0.0716375604663456,-0.107773391034556,-0.0523501780000161,0.256027488567507,0.24079247152158,-0.419155597046248,-0.114604168708941,-0.156344503978625,0.998516562778644,-0.25732589887426,-0.0188249722662889,-0.159869717398807,-0.157103231259224,-0.0649520833982672,0.121564666538258,0.094842671009968,0.055868335018115,-0.28992182942996,0.0846196201571833,0.119126447177871,-0.0335923184752032,-0.00104401733527663,0.0601948371426126,0.213877544032344,0.0164655843299507,0.394963654191088,-0.0952412407862312,0.0624036834840463,-0.051146033989019,0.0364680397525204,0.306048030354111,0.00390284217987208,-0.0613589516597264,0.0572758039010022,-0.0387234920722459,0.126976804230872,-0.125499272566537,-0.0368813178709127,-0.067576979256686,-0.0131302452052252,-0.397009733511444,0.0215734130768035,-0.373874258552119,-0.179079702759391,0.0982391060366375,-0.431491715039901,-0.0805787691830558,-0.113519080554614
85,0.108804761056048,-0.0416872414905883,-0.167343922242572,0.13421194576085,0.388443782887845,0.0366766469618505,0.462716926721154,0.462716926721154,-0.197527076565146,0.257205297562889,-0.23289176816138701,-0.115938689317536,-0.137203312553432,0.16100923124263,0.339186449646071,0.389639658348705,-0.0587587697365625,-0.264235489808185,-0.0119009597869868,-0.24332721265398,-0.65017002935476,0.350781269057859,-0.346553491916162,-0.166063611985668,0.0469527484183039,0.155380042727805,0.311304404868974,-0.166029585238059,-0.207791606359279,0.214147265083274,0.25016608320493,0.286531111117065,0.163863914153334,0.241827832014088,-0.554339323295465,-0.25736495435724,-0.210765719466052,-0.14030132156244,-0.0245946886445069,-0.224929978199015,0.118321745557331,-0.327359543488282,0.106942191001406,-0.0470720631614171,0.346799415377594,-0.124376240255345,0.33806126858474,-0.30208295883203,-0.179019793596743,0.127051287337987,0.234814480154633,-0.179892504794186,0.359059606768717,0.137846118037529,-0.0546482404926021,-0.0990994543047549,-0.25732589887426,1.00892680360269,-0.207382296025497,-0.311053500120969,0.208734726687056,-0.00924648505926659,0.336894646067678,-0.338744329628202,0.0975311533300124,0.115760315515026,-0.387151946718982,0.0737390144429122,-0.373719277154882,0.195456201979146,-0.220943570782833,-0.407599748457952,-0.113390679587972,0.0992176730336659,-0.204755371913634,0.0078993327368786,0.310493313571074,0.02001646597649,-0.151184186057467,0.0421622764466806,0.0175155012883293,-0.120363972194483,-0.013552230854544,-0.443118795934321,0.318618444770251,-0.370898024726977,-0.134892494954152,-0.234362307770634,0.154065017650026,0.223631204009698,0.195398274455383,-0.0664048864820413,0.119858773347893,0.0168112450818902,0.0245996902810981,-0.0184329297291984
87,-0.0728479060157687,0.370171869283259,0.0977291398132134,0.0400528950801745,-0.37788164129287,0.0626550919069893,-0.276225562862734,-0.276225562862734,0.025619085808957,-0.129130214379105,0.0918636021436145,0.106129817330979,0.472845404113449,-0.0685490972499447,-0.240878039835589,-0.135625056063695,-0.136537125045245,-0.340023923039299,-0.146619767969556,0.199721602455512,0.270689329953542,-0.165978650717865,0.176788343780062,0.117634992464842,-0.329786382250398,0.0659507901180935,0.138686921551455,0.124741242108788,0.0460355815707991,0.0603592284521278,0.154583991439325,-0.270841179708392,-0.168845597277845,0.0262342835755004,0.294269766723156,-0.13231746298601,-0.0874582336923327,0.0110862591717192,-0.124507418284168,-0.0849889021631603,-0.0466753094276265,0.193331149858797,0.0298736389245961,0.0136899525181771,0.0136828056308141,0.0551336399277512,-0.24952594816716,0.421242186978601,0.208055230512943,-0.0712270969728271,0.0645425408835304,-0.226505220941972,-0.114860394605305,0.363913327419347,0.351719846955946,0.286841165455158,-0.0188249722662889,-0.207382296025497,0.90081900057836,0.356495499780129,-0.325933209747948,0.0872925331709367,-0.131635422102859,-0.120447929773388,-0.0932559667016712,0.0147217019139702,0.308532926367694,-0.190614749386917,-0.111367437920187,0.139645407385924,-0.0517234129025702,0.110989202892901,0.31022392227904,0.0101603662336127,-0.333656077486891,-0.120064395147806,-0.352641523221672,-0.324287167874862,0.111905605901731,0.0272299935502407,0.10289270639887001,-0.205657846398069,0.020736842155159,-0.0236614756473613,-0.210555300219828,0.204812831123875,-0.251778403545816,0.0822584602658784,-0.153022961269699,-0.0581489660858104,-0.185390018073602,-0.0597518507641447,-0.0835332687311427,-0.136735280309903,-0.19441728703123,0.473957188537218
90,0.0147348815709548,-0.515574463484449,0.0945568032717283,-0.0467161504035042,0.214759572069079,0.037990251472546,-0.0459873260286754,-0.0459873260286754,0.0586526963107082,0.215914103449989,0.205822324439148,-0.266437633755167,-0.00601416629717379,-0.128045875179196,0.070749094947725,0.329251646746548,-0.302421597164959,0.206449326072601,-0.365677253277891,-0.433606934926747,-0.0224324276193497,-0.178614489386199,-0.217358929546548,0.0430155557904289,0.337570925894136,0.160263273726969,-0.152670611911947,-0.0030157166570771,0.201361544159261,-0.0776944599598331,0.117979977354146,0.222815128515148,0.122582154964437,-0.0506830931376502,-0.438081386423497,-0.131753148915581,-0.340886158809147,0.0346237807589296,-0.273402030942602,0.108626185579202,0.149669521256312,-0.269495926453978,-0.0617281673986711,0.0263593605142311,-0.00100064483702034,-0.180395475599249,0.490033310651349,-0.0603821902838986,-0.0385083593248876,0.186336391987585,0.197203111825744,-0.115123345710264,-0.36631426030159697,-0.246456389443352,-0.27880956389945,-0.222719142894881,-0.157103231259224,0.208734726687056,-0.325933209747948,-0.172278585523057,1.02383787553817,0.0278932961246233,-4.2581187477804e-4,-0.204179447288022,-0.0270256668033688,0.150749279051242,-0.0506783273564095,-0.147732450632817,-0.0152213513046723,0.108243106234385,0.343464733862024,-0.345523233461414,-0.225624981382576,0.147885099835095,0.138381048961475,0.176835603072825,0.23719472653304,0.11706772319844,0.00396693516426053,0.142067143207209,0.421129618526016,0.0327591497406682,-0.134204868699291,-0.333106716045838,0.161400011415313,-0.104064532001591,0.019133812303983,0.140492894538211,0.155989970442078,-0.0221673829427699,0.113745769793352,0.0482320612896367,0.206685852555967,0.0409015518568983,0.334327303847095,-0.199175774781076
92,-0.209424143142125,-0.0471811060088261,0.418888170207593,0.138558149916142,0.194270891699404,0.0609009528173843,-0.111466119259866,-0.111466119259866,-0.14807679140304,0.207571968522604,-0.0901514571301994,0.0202581549746905,-0.0632972767572244,-0.0783843287482482,-0.15880545738355,-0.257571887547691,-0.0878244966419364,-0.166677267664319,-0.0568321650008442,0.0537311333898913,0.201586778278759,-0.0743433914571675,0.066773714714267,0.197781436262235,0.0258940256475278,0.136862568739968,0.326746834193174,0.297565858465947,0.0334883559854552,-0.30515128288752,0.288863584064682,0.351726039926544,-0.174681242602297,-0.280771850232159,0.0928453695748738,0.0391756130206016,-0.36274419066506,-0.334354019334035,-0.233008253533008,0.196926412015273,-0.317262829759778,-0.105844246823096,-0.235811110072379,-0.221018464732348,0.214344262181101,-0.218756084119508,0.253633936194901,0.254657767450057,0.0757580996678789,-0.369091074992342,-0.346885961180061,0.108290011647262,-0.0395814241364767,-0.0372107114609111,0.126208934803767,-0.0827238566966091,-0.0649520833982672,-0.00924648505926659,0.0872925331709367,0.0514627802494996,0.0278932961246233,1.03277290857182,0.238714658281734,-0.167385235828193,0.563102624989744,0.251659391268629,-0.208011148464887,0.327137195060056,-0.106894999744354,-0.0547489930043655,-0.12266465512645,0.117440222154495,-0.10071814892522,0.0677003943945826,-0.204239671664242,-0.0250661498739568,0.100235684221579,-0.180051958639001,0.394628367076824,-0.129454931983528,-0.239669027212277,-0.172186151386339,-0.195989494778092,-0.283122351311078,0.212972056614805,-0.0442648823816555,-0.278509851672099,-0.0153558826624314,-0.00163176785209731,0.11988729048456,-0.0109275013420816,-0.17691054371565,0.265521177286652,-0.164219409667135,-0.0363123569709866,0.0772026889836154
94,0.0023422008973551702,0.0305597709128603,-0.00786690811269512,0.0405037205425823,0.111112300284736,-0.351840443596752,-0.196785760359518,-0.196785760359518,0.0992489037008679,-0.278105844260229,0.330651869935236,0.212202984073334,0.0701725172922599,0.169960133991924,-0.144182526241273,9.6731811602056e-4,0.117282511703337,0.119980947858179,0.00853153941724453,0.217765099664391,0.218990993931798,-0.210545024196444,0.0850808995065502,-0.177450608018421,-0.250480873883287,-0.518889036031947,-0.238833718506811,-0.0311168629858221,-0.35851340410902,0.103420051236072,-0.446185844374636,-0.18526651458287,0.120613767087941,-0.0488415819185611,0.121056444614581,0.10670367408807,0.267060800878648,0.102600144803168,0.122336444789485,0.146241216963936,0.170326327841765,0.255161389227121,-0.0191113751454785,0.0234788538801244,-0.286097430927351,0.0719272599447127,-0.097807259342758,0.054108026783843,0.0932269749351612,-0.19236001553909,-0.10703655114863,0.193379627963479,-0.129178450086618,0.00234282223270896,-0.0625118897168361,0.278795981290863,0.094842671009968,-0.338744329628202,-0.120447929773388,-0.124491270526563,-0.204179447288022,-0.167385235828193,-0.164827517264071,0.921272334987309,-0.104072065796654,-0.423801177427112,0.234554481388275,0.301679979036375,0.273949831636055,-0.299481119402367,-0.11514174360938,0.0874970015404946,-0.1729201289033,-0.10392133825457,0.206269024385716,0.254763183701385,0.184666479976724,0.18312497070925501,0.0119063477560138,-0.0687461077382242,0.0399140992369018,0.160932930987563,-0.0698320810674073,0.29750075414413,0.0515031731710859,0.241094381617704,0.314972827580163,-0.0962790760360082,-0.019018074363866,-0.199687356990158,-0.215967158041881,0.0705110970212661,-0.26907392238836503,0.0282985412406421,0.077918973726487,-0.29149584147157
96,-0.286439682658981,0.0531639211923099,0.186917417698277,-0.197734180171098,-0.0308572027117595,0.161237656192807,-0.187748234942475,-0.187748234942475,-0.217637580476946,0.0286812005111062,-0.299018506326363,0.0632215889862711,-0.0189758075916406,-0.245628146936341,0.0443188858534914,0.186374427461435,-0.0904458446632416,0.032577374866804,-0.120897128195337,0.00300763664896255,0.0594234284519744,0.0237612558116278,-0.0605705874902707,0.298808600560344,0.161310461019644,0.350254819566654,0.152477743172991,-0.121972027194163,0.385114758110273,-0.183358058899919,0.399948801246263,0.323464758859731,0.0625495695091233,0.00752263232792296,-0.117947437112249,-0.173478384402048,-0.185101699214009,-0.0967024322181499,-0.423611270998541,-0.214275106251453,-0.092299107133765,-0.0961076696865692,0.199058963586382,-0.389227909171718,0.200180610533697,-0.214492764769001,0.0634493481516522,-0.0145464700072314,0.109498206678689,-0.00556855288793365,0.0873657851768069,-0.197490121868596,-0.199108902892229,0.0848996096741236,0.21107627879249,-0.132057801027254,-0.28992182942996,0.115760315515026,0.0147217019139702,-0.0124216420824437,0.150749279051242,0.251659391268629,0.141890254935409,-0.423801177427112,0.00476157654490833,0.960692972333147,-0.132212068234677,-0.241720487796049,-0.0503781381580747,0.219141110888684,0.217254307494865,-0.165433556686784,0.195268431745993,-0.118568082828178,-0.010117911284011,-0.111285658701661,-0.224419196095791,0.0350723639607775,0.0444890816887921,-0.166974900389631,-0.105613644877383,-0.0519914572994222,0.134550341063951,-0.151357355940323,-0.0556925096809342,-0.118187817265883,-0.234325344326409,0.180565875698554,0.0862154462730275,0.10103437753043,0.124387553459316,0.0365397147095517,0.145934514154316,0.0737133066425566,0.173445595217405,0.117956378614076
114,0.134661264065669,0.137351933117015,-0.0786160263725663,0.126354520432465,-0.191833415837862,-0.0590103118603704,0.0897199994326209,0.0897199994326209,-0.199252496930905,-0.105478200761684,-0.120685054148069,0.239030105289469,-0.176817964798228,0.162326201784148,0.117721833672139,-0.302812267149087,0.0675144796857714,-0.0321739368737439,0.301433071960177,0.326257647906176,0.169485656264728,0.18172302386593,-0.0261075017633327,-0.151196882803326,-0.103328808972622,0.0950331406679539,0.133891039991934,0.194196149550507,-0.0973837673438768,-0.270640802186585,-0.245031659678431,-0.104607051004318,-0.342898853096633,0.0138846309897171,0.144773185663957,0.251008588120656,0.078195320283137,-0.169089011877772,0.145064033309545,0.178341945395333,-0.294165048635081,0.111449097408215,-0.0382893056337248,-0.0785191354636415,0.0651209706619805,0.0374363425544777,-0.56606444681877,0.0729922006404568,0.1697945343076,-0.146611584781108,-0.358853566682176,0.11343900459282,0.0193206057449634,-0.18320541056668,0.26267801661237,0.0770258931519848,0.213877544032344,-0.407599748457952,0.110989202892901,0.215916910365372,-0.345523233461414,0.117440222154495,0.0587163168711673,0.0874970015404946,0.0886981418557894,-0.165433556686784,0.0760273621683794,0.341368541675666,0.0729798259404581,-0.221004890382672,-0.173802148110127,0.994730175549826,-0.0651009502898805,0.0131608505290139,-0.0379719701310372,-0.0570771742793463,-0.148325144101547,-0.224011289769394,0.214820865333625,-0.17029822681258,-0.444530041846916,0.0139504820176584,0.251353461044969,0.429614966149028,-0.186106312040564,-0.0434685364905569,0.0125846144124786,0.108826307531148,-0.29685463816287,0.192722067117705,-0.204482910102266,-0.0583714369367655,0.110331207540071,-0.00104353852353195,-0.371365163963008,0.0324929193106805
121,-0.17459423209855,0.450601224965005,-0.225192642718903,0.0546259968150759,-0.398914890787533,-0.157256113538058,-0.164012082062403,-0.164012082062403,-0.0603907565103679,-0.164346373835468,-0.256325746168072,0.140552610552256,0.116397515709411,-0.0410519012321297,-0.129733234046671,-0.0211695190489179,-0.10503973850013,-0.0773300913456382,0.151659322398091,0.215861873699965,0.286334360340495,0.0194704836198186,0.0790327687808049,0.462668796399394,-0.0917843096913408,-0.00579260170703226,-0.12357400523294,0.118056891151642,0.10213967073128,-0.0792978446976433,0.132977614084482,0.114151189738356,0.00698934707584849,0.288289673428013,0.17753480654971,0.0627962100169884,0.0653344312703133,0.13266937709749901,-0.0034067161671523802,-0.121303773971082,-0.210896405811048,0.0760345957133147,0.383521918759435,-0.0351167583776259,0.244223652363446,0.00293794601318348,-0.222888707962809,-0.0605305845689221,0.354561643514901,-0.259146366913179,0.120989942772501,-0.13029500479006,0.00632041435505029,0.096194169899681,0.254714440511763,-0.00688133074638748,0.0164655843299507,-0.113390679587972,0.31022392227904,0.078847798356912,-0.225624981382576,-0.10071814892522,-0.00473123544468985,-0.1729201289033,0.0192588847495515,0.195268431745993,0.163835765054958,-0.354898742375824,-0.0612067761230378,0.0329997245304985,-0.184211292320227,-0.0651009502898805,0.90124998709317,0.144106747697767,-0.272864011709798,-0.170648494030549,-0.365415459123938,-0.208159042044232,0.168027262329668,-0.030380765565111,-0.121021461907253,0.041863204316693,0.190641333041946,-0.0505454561122374,-0.230219174332105,0.0421927394056922,-0.452877002385207,0.0935466201021784,-0.199853499674117,0.0762373880188056,-0.31651057150493,-0.121459662177996,-0.211450557091622,0.0635793278088938,-0.0446644652512299,0.313168763666071
139,-0.113867659016879,-0.0886651877334317,-0.182451986506463,-0.0972245792686638,0.072589760607614,-0.194602368391582,0.075666198326403,0.075666198326403,-0.0253675500367096,-0.384284682950992,-0.0140874603778009,0.114929782951597,-0.240106455878858,0.222937533491514,-0.170449246356739,-0.216194508603486,-0.124147666830652,0.205427286203577,0.0275272526804824,-0.0241439029296816,-0.00404858964858477,-0.199587586016277,0.0588136935306408,0.0490243292093109,-0.0380053180262724,-0.315759902134743,-0.0126022359344137,-0.0774434081611104,0.012159728127689,0.204790597748605,-0.0504043805109932,-0.199326752652313,0.128314379358187,-0.12792460598679,-0.247500042572268,0.105591062866608,0.0807336286913763,0.350045841703586,0.0290352505967764,-0.0529124500187259,0.107263629457875,0.127690155833745,0.125553969906884,0.0476926046055363,0.0097807308590598,-0.0901598647627673,-0.00622647386677169,-0.145138186299855,-0.229180654383113,0.0673257564266931,-0.0515417971083873,0.153511595101528,-0.1857691854738,0.171233637361709,-0.0784851630699609,0.136350439735323,0.0572758039010022,-0.120363972194483,-0.205657846398069,-0.118505241940956,0.0327591497406682,-0.172186151386339,0.116611848277204,0.160932930987563,0.0514509658149886,-0.0519914572994222,0.241597394584048,0.0897354362656294,0.346282287143854,-0.506538381844,0.00781781367498219,0.0139504820176584,0.041863204316693,0.0169959858604683,0.330153785304035,0.101229035436724,-0.239168015228585,0.283217737919946,-0.265757189183441,-0.23827922540505,-0.107965982992131,0.920421177274178,0.119414171060222,0.324954447664456,0.0275916993024696,0.0983452778461887,0.128502851217775,-0.076277076173877,0.169786655062811,-0.395417302747241,-0.20728228573649,0.203567383822022,-0.238487558097604,0.33107650130158,-8.88967426127437e-5,-0.043612634626501
142,-0.0439602306391802,-0.0188877025720656,-0.0190007180935868,-0.217077788376085,-0.210775866471922,-0.375240356300897,-0.0604587836313097,-0.0604587836313097,-0.00103443279682016,-0.26619882908633,0.0520028224506796,0.232543122229626,0.0100273341453536,-0.0193538888865752,-0.0319818125150611,-0.114303721005246,0.187205881253374,0.143332899320459,0.21378014671204,0.146951254719789,0.180987655897862,0.0996464302841134,0.00456391432700097,-0.0204542969784379,-0.159387028676253,-0.144238937399758,-0.254821164541838,-0.057646306756469,0.0183893408980953,0.223651710357734,-0.401773962671633,-0.310842440616328,0.105836042552846,-0.35917402488364,0.053967018145477,0.235212385348161,0.22173475272684,0.119205120707768,-0.0628833254052846,0.0620195152250554,0.0866713906750202,0.147004975416099,-0.0928695893005439,0.137506886699864,-0.335445399334474,-0.066937187041569493,-0.395933686322582,0.221229631268834,8.3915834240151e-4,0.0937332523913314,-0.192197451085227,0.365857599905875,-0.118556277743379,0.0108618801957713,0.175100548450839,0.157500871351838,0.126976804230872,-0.443118795934321,-0.0236614756473613,0.206255434889698,-0.333106716045838,-0.283122351311078,-0.136855372149555,0.29750075414413,0.0299177932900587,-0.151357355940323,0.422877117901239,-5.8562583258495e-4,0.215261229442401,-0.457901228470099,0.082325007373048,0.429614966149028,-0.0505454561122374,-0.13574271655316,0.183244374507222,0.115982997656109,-0.261965990405514,0.0788265951356066,-0.19630359235075,-0.308338822059012,-0.087733683756674,0.324954447664456,0.196322728768146,0.969332440862912,-0.350646941817941,0.122081477687877,0.245197153206906,-0.0992941191610615,-0.0576689630685951,-0.025799837877846,-0.134787327969132,0.158172342076652,-0.0174825999014084,0.192573429848463,-0.205646257484913,0.0687785857782371
154,-0.0923535832072552,-0.121764367486506,-0.086465425199129,0.0452061167830359,-0.37175807181605,0.347198464624516,-0.0607651979236204,-0.0607651979236204,0.155742483326596,0.213051479187935,0.00233235140577193,0.0405504921278585,-0.00178312276268874,-0.130277221472627,0.214143254430643,-0.062706911623717,-0.154737321637918,0.384827924481531,-0.248657495327733,-0.157188019029957,0.158426340671113,-0.253961776484461,0.228066282966903,-0.0222736298826088,0.354094256570747,0.0141473010927644,-0.232246200474468,-0.0161576894201204,0.264384462819049,-0.255723789308973,-0.104855030209554,-0.198065802519567,-0.0366844646382066,-0.0485181246327195,0.0548155365362759,-0.26065624209706,0.0309491617884649,-0.109345365441798,-0.119831654503473,-0.123318323924318,-0.27673360120744,0.0328554314229218,0.248304147088958,0.0124410939194674,-0.0450293035164843,0.166450849770408,-0.18141032639695,-0.0991534767017842,0.0662277308576359,0.00521857145314638,0.103911902778299,-0.204683892409879,-0.190786051425094,-0.123484141305934,-0.166871741595144,0.0497971658108424,-0.0131302452052252,-0.234362307770634,0.0822584602658784,0.122821899440764,0.140492894538211,-0.0153558826624314,-0.140408080563331,-0.0962790760360082,-0.205848121416638,0.180565875698554,-0.0251235073919042,-0.0837004755493919,0.37319427993548,0.290731018527307,0.0838701385606164,0.108826307531148,0.0935466201021784,0.0733567851332306,0.292630402973479,-0.387454904080393,-0.281123102292023,-0.177193757660958,-0.026871193713018,0.178999320013904,-0.12528780243062,-0.076277076173877,0.13905594726424,-0.0992941191610615,-0.182812534533432,0.0567024826331197,0.0786711575769229,0.907627707208969,-0.113707961608431,-0.0261032772253169,0.21425450609152,0.16102694470368,0.0357525363426166,1.10918383735345e-6,0.11935477487297,0.00246201846804089
156,-0.395883281364869,-0.0111064881580353,0.203486083238655,-0.250497142055231,0.136084105261025,0.294843804091211,-0.192880012016083,-0.192880012016083,0.165410038710272,-0.329336860831449,0.0133777274684974,-0.130095333119986,-0.235095650443545,-0.206541498562488,-0.0909799005655873,0.112480289737378,0.157356933608551,0.18546073537907,-0.219176271630713,-0.166797261056239,-0.0378949209551074,-0.0301380683897089,-0.0182693635737357,-0.0258785339231239,0.199391955585311,-0.308171750456258,0.098955630538109,-0.320688404362416,-0.115072789511633,0.254680055890089,0.0847508218499636,-0.162598946154138,0.2492929919966,-0.0116717648566098,-0.00925588608833306,-0.389850202812764,-0.0293782189588699,0.228605494156653,-0.0193586563893342,-0.10433588647506,0.380240122096125,0.0215524427062146,0.0779020947563546,-0.178244995521754,-0.0604915024245141,0.0774260080469908,0.229280973389693,0.11616668302053999,-0.0572819938177841,0.123957531917455,0.229075809561601,-0.182233724200727,-0.190682442474465,0.202183290685749,-0.134636911586035,0.0310983623891033,-0.397009733511444,0.154065017650026,-0.153022961269699,0.0297822972968362,0.155989970442078,-0.00163176785209731,-0.185105259192918,-0.019018074363866,-0.0549547727978018,0.0862154462730275,-0.0728595765569844,-0.0866859708757246,0.0779229291048394,-0.152883780286077,-0.0284228175532058,-0.29685463816287,-0.199853499674117,-0.196564837360794,0.369068710004399,-0.0398210626562051,-0.00355099076647682,0.266680980770469,-0.258882497896388,-0.071718465355779,0.0831239712083524,0.169786655062811,-0.102218164441673,-0.0576689630685951,0.2319472592956,0.218940514295658,0.224924912698378,-0.113707961608431,0.98156723800249,-0.316935219348761,0.246523936176387,0.256724662262097,-0.0626601997965322,0.293997953448621,-0.0294640620213365,-0.0114224889028226
158,0.355715224953288,0.151761932383923,-0.226207264214498,-0.0831889808736745,0.0367092711205392,-0.295914603658924,0.273379907581071,0.273379907581071,-0.256351783039113,0.549342083036979,-0.440435699057146,-0.180422262116018,0.0222675147706438,-0.109710727607585,0.0789075798655977,0.156582975712674,-0.12818320919477,-0.394497135652298,0.453404292879796,0.0745032484433091,-0.125445515908788,0.548391266222641,-0.301425319608949,0.0575201387891664,-0.100318158955198,0.373230854446078,-0.0785930835999186,0.0959950866174716,0.149713055238829,-0.15344276688966,-0.0026866136034111,0.413965521278855,0.003826105783318,-0.105320013651804,0.110470889166849,0.364065116814751,0.111089810729208,-0.386313459836598,-0.022939819718547,-0.0600217687164771,-0.383560643584179,-0.240060409204117,0.158367851096177,0.10446189199488,0.0262256903285496,0.11645946122692,-0.0407015839911506,-0.0389061899922062,0.0797740665780349,-0.213934664732601,-0.181098178330529,0.172523002910441,0.373518847798816,-0.228932688984385,0.299849116028654,-0.102576625247145,0.0215734130768035,0.223631204009698,-0.0581489660858104,0.195876214648829,-0.0221673829427699,0.11988729048456,0.121250571434989,-0.199687356990158,0.134997783689497,0.10103437753043,-0.227699968046269,-0.125052775105129,-0.290259221893968,0.171805793022872,-0.092730657181607,0.192722067117705,0.0762373880188056,0.0510314161120312,-0.493317262337946,0.115836392249122,0.071292581873855,-0.438907347602239,0.399971464768976,0.279143646836533,-0.284313767113329,-0.395417302747241,-0.0399538807355287,-0.025799837877846,-0.150540291042256,-0.348168095728257,-0.476697566957834,-0.0261032772253169,-0.316935219348761,1.04018501912508,-0.124214949571442,0.0112455306249993,0.251796214760215,-0.203183850419149,-0.448860120246327,0.10442818640534
161,0.00407204147248701,-0.11770094229378,-0.142216625952201,-0.307774530585843,-0.0860771462955466,0.0537238311267377,-0.0884690373151655,-0.0884690373151655,0.0136661999161437,-0.0906571420434315,-0.023584519520538,-0.312598567835696,-0.201262158773074,-0.125538600373515,0.102322521745138,0.0402512166361303,-0.0191397710465102,0.0374836609116617,-0.188080148682973,-0.223577161293995,0.0151018089683354,-0.115069581237799,-0.00739914119062366,-0.0975860526771758,0.0158087596685878,-0.184246798094789,-0.153739266010828,-0.150439355008412,0.0111703998148937,0.310109536886107,-0.154567214537653,-0.36268152699103,0.11973791999799,-0.140987376500077,-0.0912182064899582,-0.0105568924985095,0.207649806132401,0.190909365774461,0.0601215931397156,-0.150475785381964,0.101631819300228,0.0770883486914554,0.292098024976223,0.106722882818629,-0.346568744988601,0.361989596787055,0.00863987690756528,-0.0125516233965844,-0.12090329442685,0.271590228066499,0.00831894398519138,-0.0577156600121121,-0.0988183275883232,0.121302857374626,-0.0127723165092482,0.338662824059981,-0.179079702759391,-0.0664048864820413,-0.0597518507641447,0.0380235485063817,0.0482320612896367,-0.17691054371565,-0.0370828999502774,0.0705110970212661,-0.275767713528038,0.0365397147095517,0.143926707131398,-0.190848339195102,0.388758358286086,-0.164990347043202,0.0947286677551382,-0.0583714369367655,-0.121459662177996,-0.0343735021994262,0.20837239726271,-0.0330800141832928,-0.203763946709539,0.093355584715419,-0.252258629386319,0.120348333226557,0.0215499478680103,0.203567383822022,-0.0435744524390414,0.158172342076652,-0.0431889915532728,0.0892431989234549,0.235318193870278,0.16102694470368,0.256724662262097,0.0112455306249993,0.0261938513744107,0.884756168530717,-0.00939733324465277,0.129349449085416,-0.167674989140661,0.111303586072659
173,-0.25121385952119,-0.209143616000665,0.263183456167344,0.0515432553517051,0.224039842552588,0.0597379608625731,-0.140659600402393,-0.140659600402393,-0.00284969564070255,0.0500353367781725,0.283644441598513,0.222747246146637,0.184437524458149,-0.0282643399495494,-0.0253543945954272,0.268525844758655,0.140631437607121,0.366320063512783,-0.368548380490951,-0.068033429398367,-0.082419806963151293,-0.273270735450927,0.0697341603674054,0.0300683788417519,0.2450118620939,-0.104163791349017,-0.1811280382323,-0.181464734297098,0.0873251379551173,-0.12261808718438,0.137649710154059,0.114810948042938,0.098953071626653,0.0502720900547149,-0.272944804543188,-0.200094707660244,-0.157580790673016,0.0483972978434583,-0.28991486468319,0.00162641833235857,0.250513851472283,-0.110543373143961,-0.219848128899955,-0.172979811315412,-0.00816378985897308,-0.410751391822886,0.212138797799625,-0.131312024328413,0.131054503160902,0.130192828458275,0.0584016058252531,-0.0975014936553321,-0.289873012161653,-0.0554062250183374,-0.188539398425639,-0.236368736556941,-0.0805787691830558,0.0245996902810981,-0.19441728703123,-0.426548113493395,0.334327303847095,-0.0363123569709866,-0.0256422121950359,0.077918973726487,-0.154863830387686,0.173445595217405,-0.0843036390570233,-0.0471935464952909,0.0648965937991258,0.148150218399047,0.19405016409079,-0.371365163963008,-0.0446644652512299,-0.0473687811245565,0.230423424370963,-0.0565467826847607,0.381085174382862,0.369151047706359,-0.1157680882233,-0.0340183118658231,0.328459194893798,-8.88967426127437e-5,0.0600835479044566,-0.205646257484913,0.133588631794913,-0.0727072865183138,0.225486843398642,0.11935477487297,-0.0294640620213365,-0.448860120246327,0.251010044321498,-0.167674989140661,-0.0683124956224706,0.144432124063807,0.995671320730872,-0.303171621296462
177,-0.119876284510404,0.227253087973169,0.0686550392821618,0.0566226186095882,-0.379640579530857,0.0302374724505525,-0.08767491564941,-0.08767491564941,-0.0299567665664407,0.0231599020821989,-0.0902617781042054,-0.17397413680994,0.235687934828806,-0.183389038311462,-0.241421065287182,-0.0498436445012257,-0.143391454083949,-0.41550699453611,-0.0499912266232149,0.0401418537776251,0.110138108318795,-0.0229108485429519,0.0615442223792967,0.33912810196211,-0.179746185068997,0.0657454936438735,0.110607653031416,0.293678711718534,0.0832421843107023,0.268643589427927,0.24513101040828,-0.244377795945677,0.0111190310780543,-0.0716004343168933,0.117303500057675,-0.179934115661407,0.00428808089566832,0.170976541551627,-0.246982062116891,0.0115973841649364,-0.260061715424017,0.264245065522203,0.316758618517711,0.176646333788575,-0.173139725078948,-8.7450498756243e-4,-0.215709235801269,0.310575418618138,0.0400387794105056,-0.206549004054954,0.282068219956843,-0.327576378536124,0.038130373663911,0.148672863793373,0.331950264903031,0.15775094183153,-0.113519080554614,-0.0184329297291984,0.473957188537218,0.382804654916367,-0.199175774781076,0.0772026889836154,-0.0592080550054587,-0.29149584147157,0.230722720604606,0.117956378614076,0.214699282451075,-0.30358130919462,-0.293349507552701,-0.0524760754993959,-0.0620786242867672,0.0324929193106805,0.313168763666071,0.065359681875565,-0.313039065650637,-0.220753271286231,-0.496952815244416,-0.427519460666127,0.150275011802714,0.0885031530434286,0.046914076565087,-0.043612634626501,0.103655270451321,0.0687785857782371,-0.472464647637061,0.184774905408633,-0.356239587381277,0.00246201846804089,-0.0114224889028226,0.10442818640534,-0.0773236991334141,0.111303586072659,-0.0239352017276367,-0.024569961721948,-0.303171621296462,0.935188984135884
