EID,GID,UID
16WW,1,16WW_1
16WW,2,16WW_2
16WW,3,16WW_3
16WW,4,16WW_4
14DS,5,14DS_5
14WW,5,14WW_5
16DS,5,16DS_5
16WW,5,16WW_5
16WW,6,16WW_6
16WW,8,16WW_8
16WW,9,16WW_9
16WW,10,16WW_10
14DS,11,14DS_11
14WW,11,14WW_11
16DS,11,16DS_11
16WW,11,16WW_11
14DS,13,14DS_13
14WW,13,14WW_13
16DS,13,16DS_13
16WW,13,16WW_13
14DS,14,14DS_14
14WW,14,14WW_14
16DS,14,16DS_14
16WW,14,16WW_14
16WW,15,16WW_15
14DS,16,14DS_16
14WW,16,14WW_16
16DS,16,16DS_16
16WW,16,16WW_16
16WW,17,16WW_17
16WW,18,16WW_18
16WW,19,16WW_19
16WW,20,16WW_20
14DS,24,14DS_24
14WW,24,14WW_24
16DS,24,16DS_24
16WW,24,16WW_24
16WW,25,16WW_25
16WW,26,16WW_26
14DS,27,14DS_27
14WW,27,14WW_27
16DS,27,16DS_27
16WW,27,16WW_27
16WW,28,16WW_28
14DS,29,14DS_29
14WW,29,14WW_29
16DS,29,16DS_29
16WW,29,16WW_29
14DS,30,14DS_30
14WW,30,14WW_30
16DS,30,16DS_30
16WW,30,16WW_30
14DS,33,14DS_33
14WW,33,14WW_33
16DS,33,16DS_33
16WW,33,16WW_33
14DS,35,14DS_35
14WW,35,14WW_35
16DS,35,16DS_35
16WW,35,16WW_35
16WW,36,16WW_36
14DS,37,14DS_37
14WW,37,14WW_37
16DS,37,16DS_37
16WW,37,16WW_37
16WW,38,16WW_38
14DS,40,14DS_40
14WW,40,14WW_40
16DS,40,16DS_40
16WW,40,16WW_40
16WW,42,16WW_42
16WW,47,16WW_47
16WW,48,16WW_48
14DS,52,14DS_52
14WW,52,14WW_52
16DS,52,16DS_52
16WW,52,16WW_52
16WW,53,16WW_53
16WW,54,16WW_54
16WW,55,16WW_55
14DS,57,14DS_57
14WW,57,14WW_57
16DS,57,16DS_57
16WW,57,16WW_57
16WW,58,16WW_58
16WW,60,16WW_60
14DS,61,14DS_61
14WW,61,14WW_61
16DS,61,16DS_61
16WW,61,16WW_61
16WW,64,16WW_64
16WW,65,16WW_65
16WW,66,16WW_66
14DS,67,14DS_67
14WW,67,14WW_67
16DS,67,16DS_67
16WW,67,16WW_67
14DS,68,14DS_68
14WW,68,14WW_68
16DS,68,16DS_68
16WW,68,16WW_68
16WW,69,16WW_69
14DS,70,14DS_70
14WW,70,14WW_70
16DS,70,16DS_70
16WW,70,16WW_70
16WW,72,16WW_72
14DS,75,14DS_75
14WW,75,14WW_75
16DS,75,16DS_75
16WW,75,16WW_75
14DS,76,14DS_76
14WW,76,14WW_76
16DS,76,16DS_76
16WW,76,16WW_76
14DS,77,14DS_77
14WW,77,14WW_77
16DS,77,16DS_77
16WW,77,16WW_77
16WW,78,16WW_78
16WW,81,16WW_81
14DS,82,14DS_82
14WW,82,14WW_82
16DS,82,16DS_82
16WW,82,16WW_82
14DS,83,14DS_83
14WW,83,14WW_83
16DS,83,16DS_83
16WW,83,16WW_83
14DS,85,14DS_85
14WW,85,14WW_85
16DS,85,16DS_85
16WW,85,16WW_85
14DS,87,14DS_87
14WW,87,14WW_87
16DS,87,16DS_87
16WW,87,16WW_87
16WW,89,16WW_89
14DS,90,14DS_90
14WW,90,14WW_90
16DS,90,16DS_90
16WW,90,16WW_90
14DS,92,14DS_92
14WW,92,14WW_92
16DS,92,16DS_92
16WW,92,16WW_92
16WW,93,16WW_93
14DS,94,14DS_94
14WW,94,14WW_94
16DS,94,16DS_94
16WW,94,16WW_94
16WW,95,16WW_95
14DS,96,14DS_96
14WW,96,14WW_96
16DS,96,16DS_96
16WW,96,16WW_96
16WW,97,16WW_97
16WW,103,16WW_103
16WW,106,16WW_106
16WW,107,16WW_107
16WW,112,16WW_112
14DS,114,14DS_114
14WW,114,14WW_114
16DS,114,16DS_114
16WW,114,16WW_114
14DS,121,14DS_121
14WW,121,14WW_121
16DS,121,16DS_121
16WW,121,16WW_121
16WW,123,16WW_123
16WW,125,16WW_125
16WW,128,16WW_128
16WW,131,16WW_131
16WW,133,16WW_133
16WW,135,16WW_135
16WW,136,16WW_136
16WW,138,16WW_138
14DS,139,14DS_139
14WW,139,14WW_139
16DS,139,16DS_139
16WW,139,16WW_139
16WW,141,16WW_141
14DS,142,14DS_142
14WW,142,14WW_142
16DS,142,16DS_142
16WW,142,16WW_142
16WW,143,16WW_143
16WW,145,16WW_145
16WW,148,16WW_148
14DS,154,14DS_154
14WW,154,14WW_154
16DS,154,16DS_154
16WW,154,16WW_154
14DS,156,14DS_156
14WW,156,14WW_156
16DS,156,16DS_156
16WW,156,16WW_156
14DS,158,14DS_158
14WW,158,14WW_158
16DS,158,16DS_158
16WW,158,16WW_158
16WW,159,16WW_159
14DS,161,14DS_161
14WW,161,14WW_161
16DS,161,16DS_161
16WW,161,16WW_161
16WW,165,16WW_165
16WW,172,16WW_172
14DS,173,14DS_173
14WW,173,14WW_173
16DS,173,16DS_173
16WW,173,16WW_173
14DS,177,14DS_177
14WW,177,14WW_177
16DS,177,16DS_177
16WW,177,16WW_177
