Env,Hybrid,Trait,Parent1,Parent2
2015_DEH1,2369/PHZ51,NA,2369,PHZ51
2015_ILH1,2369/PHZ51,NA,2369,PHZ51
2015_INH1,2369/PHZ51,NA,2369,PHZ51
2015_KSH1,2369/PHZ51,NA,2369,PHZ51
2015_MNH1,2369/PHZ51,NA,2369,PHZ51
2015_MOH1,2369/PHZ51,NA,2369,PHZ51
2015_MOH2,2369/PHZ51,NA,2369,PHZ51
2015_NEH1,2369/PHZ51,NA,2369,PHZ51
2015_NEH2,2369/PHZ51,NA,2369,PHZ51
2015_NEH3,2369/PHZ51,NA,2369,PHZ51
2015_NEH4,2369/PHZ51,NA,2369,PHZ51
2015_NYH2,2369/PHZ51,NA,2369,PHZ51
2015_NYH3,2369/PHZ51,NA,2369,PHZ51
2015_OHH1,2369/PHZ51,NA,2369,PHZ51
2015_ONH1,2369/PHZ51,NA,2369,PHZ51
2015_ONH2,2369/PHZ51,NA,2369,PHZ51
2015_KSH1,740/PB80,NA,740,PB80
2015_MOH2,740/PB80,NA,740,PB80
2015_KSH1,740/PHB47,NA,740,PHB47
2015_MOH2,740/PHB47,NA,740,PHB47
2015_DEH1,A634/LH82,NA,A634,LH82
2015_INH1,A634/LH82,NA,A634,LH82
2015_MNH1,A634/LH82,NA,A634,LH82
2015_NYH2,A634/LH82,NA,A634,LH82
2015_NYH3,A634/LH82,NA,A634,LH82
2015_OHH1,A634/LH82,NA,A634,LH82
2015_ONH1,A634/LH82,NA,A634,LH82
2015_ONH2,A634/LH82,NA,A634,LH82
2015_DEH1,A634/PHZ51,NA,A634,PHZ51
2015_INH1,A634/PHZ51,NA,A634,PHZ51
2015_MNH1,A634/PHZ51,NA,A634,PHZ51
2015_NYH2,A634/PHZ51,NA,A634,PHZ51
2015_NYH3,A634/PHZ51,NA,A634,PHZ51
2015_OHH1,A634/PHZ51,NA,A634,PHZ51
2015_ONH1,A634/PHZ51,NA,A634,PHZ51
2015_ONH2,A634/PHZ51,NA,A634,PHZ51
2015_MNH1,A635/LH82,NA,A635,LH82
2015_NYH2,A635/LH82,NA,A635,LH82
2015_NYH3,A635/LH82,NA,A635,LH82
2015_ONH1,A635/LH82,NA,A635,LH82
2015_ONH2,A635/LH82,NA,A635,LH82
2015_MNH1,A635/PHZ51,NA,A635,PHZ51
2015_NYH2,A635/PHZ51,NA,A635,PHZ51
2015_NYH3,A635/PHZ51,NA,A635,PHZ51
2015_ONH1,A635/PHZ51,NA,A635,PHZ51
2015_ONH2,A635/PHZ51,NA,A635,PHZ51
2015_ILH1,A641/LH82,NA,A641,LH82
2015_MNH1,A641/LH82,NA,A641,LH82
2015_NEH1,A641/LH82,NA,A641,LH82
2015_NYH2,A641/LH82,NA,A641,LH82
2015_NYH3,A641/LH82,NA,A641,LH82
2015_ONH1,A641/LH82,NA,A641,LH82
2015_ONH2,A641/LH82,NA,A641,LH82
2015_ILH1,A641/PHZ51,NA,A641,PHZ51
2015_MNH1,A641/PHZ51,NA,A641,PHZ51
2015_NEH1,A641/PHZ51,NA,A641,PHZ51
2015_NYH2,A641/PHZ51,NA,A641,PHZ51
2015_NYH3,A641/PHZ51,NA,A641,PHZ51
2015_ONH1,A641/PHZ51,NA,A641,PHZ51
2015_ONH2,A641/PHZ51,NA,A641,PHZ51
2015_MNH1,A672/LH82,NA,A672,LH82
2015_MOH1,A672/LH82,NA,A672,LH82
2015_NEH2,A672/LH82,NA,A672,LH82
2015_NEH3,A672/LH82,NA,A672,LH82
2015_NEH4,A672/LH82,NA,A672,LH82
2015_NYH2,A672/LH82,NA,A672,LH82
2015_NYH3,A672/LH82,NA,A672,LH82
2015_ONH1,A672/LH82,NA,A672,LH82
2015_ONH2,A672/LH82,NA,A672,LH82
2015_MNH1,A672/PHZ51,NA,A672,PHZ51
2015_MOH1,A672/PHZ51,NA,A672,PHZ51
2015_NEH2,A672/PHZ51,NA,A672,PHZ51
2015_NEH3,A672/PHZ51,NA,A672,PHZ51
2015_NEH4,A672/PHZ51,NA,A672,PHZ51
2015_NYH2,A672/PHZ51,NA,A672,PHZ51
2015_NYH3,A672/PHZ51,NA,A672,PHZ51
2015_ONH1,A672/PHZ51,NA,A672,PHZ51
2015_ONH2,A672/PHZ51,NA,A672,PHZ51
2015_MNH1,A679/LH82,NA,A679,LH82
2015_NEH3,A679/LH82,NA,A679,LH82
2015_NYH2,A679/LH82,NA,A679,LH82
2015_NYH3,A679/LH82,NA,A679,LH82
2015_OHH1,A679/LH82,NA,A679,LH82
2015_ONH1,A679/LH82,NA,A679,LH82
2015_ONH2,A679/LH82,NA,A679,LH82
2015_MNH1,A679/PHZ51,NA,A679,PHZ51
2015_NEH3,A679/PHZ51,NA,A679,PHZ51
2015_NYH2,A679/PHZ51,NA,A679,PHZ51
2015_NYH3,A679/PHZ51,NA,A679,PHZ51
2015_OHH1,A679/PHZ51,NA,A679,PHZ51
2015_ONH1,A679/PHZ51,NA,A679,PHZ51
2015_ONH2,A679/PHZ51,NA,A679,PHZ51
2015_INH1,A680/LH82,NA,A680,LH82
2015_MNH1,A680/LH82,NA,A680,LH82
2015_NEH1,A680/LH82,NA,A680,LH82
2015_NYH2,A680/LH82,NA,A680,LH82
2015_NYH3,A680/LH82,NA,A680,LH82
2015_ONH1,A680/LH82,NA,A680,LH82
2015_ONH2,A680/LH82,NA,A680,LH82
2015_INH1,A680/PHZ51,NA,A680,PHZ51
2015_MNH1,A680/PHZ51,NA,A680,PHZ51
2015_NEH1,A680/PHZ51,NA,A680,PHZ51
2015_NYH2,A680/PHZ51,NA,A680,PHZ51
2015_NYH3,A680/PHZ51,NA,A680,PHZ51
2015_ONH1,A680/PHZ51,NA,A680,PHZ51
2015_ONH2,A680/PHZ51,NA,A680,PHZ51
2015_MNH1,B103/LH82,NA,B103,LH82
2015_NEH1,B103/LH82,NA,B103,LH82
2015_NYH2,B103/LH82,NA,B103,LH82
2015_NYH3,B103/LH82,NA,B103,LH82
2015_OHH1,B103/LH82,NA,B103,LH82
2015_ONH1,B103/LH82,NA,B103,LH82
2015_INH1,B103/PHB47,NA,B103,PHB47
2015_KSH1,B103/PHB47,NA,B103,PHB47
2015_MOH2,B103/PHB47,NA,B103,PHB47
2015_NEH3,B103/PHB47,NA,B103,PHB47
2015_ONH2,B103/PHB47,NA,B103,PHB47
2015_INH1,B103/PHZ51,NA,B103,PHZ51
2015_KSH1,B103/PHZ51,NA,B103,PHZ51
2015_MNH1,B103/PHZ51,NA,B103,PHZ51
2015_MOH2,B103/PHZ51,NA,B103,PHZ51
2015_NEH1,B103/PHZ51,NA,B103,PHZ51
2015_NEH3,B103/PHZ51,NA,B103,PHZ51
2015_NYH2,B103/PHZ51,NA,B103,PHZ51
2015_NYH3,B103/PHZ51,NA,B103,PHZ51
2015_OHH1,B103/PHZ51,NA,B103,PHZ51
2015_ONH1,B103/PHZ51,NA,B103,PHZ51
2015_ONH2,B103/PHZ51,NA,B103,PHZ51
2015_DEH1,B104/LH82,NA,B104,LH82
2015_ILH1,B104/LH82,NA,B104,LH82
2015_KSH1,B104/LH82,NA,B104,LH82
2015_MOH1,B104/LH82,NA,B104,LH82
2015_MOH2,B104/LH82,NA,B104,LH82
2015_ONH2,B104/LH82,NA,B104,LH82
2015_DEH1,B104/PHZ51,NA,B104,PHZ51
2015_ILH1,B104/PHZ51,NA,B104,PHZ51
2015_KSH1,B104/PHZ51,NA,B104,PHZ51
2015_MOH1,B104/PHZ51,NA,B104,PHZ51
2015_MOH2,B104/PHZ51,NA,B104,PHZ51
2015_ONH2,B104/PHZ51,NA,B104,PHZ51
2015_MNH1,B105/LH82,NA,B105,LH82
2015_MOH1,B105/LH82,NA,B105,LH82
2015_NEH2,B105/LH82,NA,B105,LH82
2015_NEH3,B105/LH82,NA,B105,LH82
2015_NEH4,B105/LH82,NA,B105,LH82
2015_MNH1,B105/PHZ51,NA,B105,PHZ51
2015_MOH1,B105/PHZ51,NA,B105,PHZ51
2015_NEH2,B105/PHZ51,NA,B105,PHZ51
2015_NEH3,B105/PHZ51,NA,B105,PHZ51
2015_NEH4,B105/PHZ51,NA,B105,PHZ51
2015_DEH1,B106/LH82,NA,B106,LH82
2015_KSH1,B106/LH82,NA,B106,LH82
2015_MOH2,B106/LH82,NA,B106,LH82
2015_NEH1,B106/LH82,NA,B106,LH82
2015_NYH2,B106/LH82,NA,B106,LH82
2015_ONH2,B106/LH82,NA,B106,LH82
2015_DEH1,B106/PHZ51,NA,B106,PHZ51
2015_KSH1,B106/PHZ51,NA,B106,PHZ51
2015_MOH2,B106/PHZ51,NA,B106,PHZ51
2015_NEH1,B106/PHZ51,NA,B106,PHZ51
2015_NYH2,B106/PHZ51,NA,B106,PHZ51
2015_ONH2,B106/PHZ51,NA,B106,PHZ51
2015_INH1,B109/LH82,NA,B109,LH82
2015_KSH1,B109/LH82,NA,B109,LH82
2015_MOH1,B109/LH82,NA,B109,LH82
2015_MOH2,B109/LH82,NA,B109,LH82
2015_NEH1,B109/LH82,NA,B109,LH82
2015_NEH2,B109/LH82,NA,B109,LH82
2015_NEH3,B109/LH82,NA,B109,LH82
2015_NYH2,B109/LH82,NA,B109,LH82
2015_OHH1,B109/LH82,NA,B109,LH82
2015_ONH2,B109/LH82,NA,B109,LH82
2015_INH1,B109/PHZ51,NA,B109,PHZ51
2015_KSH1,B109/PHZ51,NA,B109,PHZ51
2015_MOH1,B109/PHZ51,NA,B109,PHZ51
2015_MOH2,B109/PHZ51,NA,B109,PHZ51
2015_NEH1,B109/PHZ51,NA,B109,PHZ51
2015_NEH2,B109/PHZ51,NA,B109,PHZ51
2015_NEH3,B109/PHZ51,NA,B109,PHZ51
2015_NYH2,B109/PHZ51,NA,B109,PHZ51
2015_OHH1,B109/PHZ51,NA,B109,PHZ51
2015_ONH2,B109/PHZ51,NA,B109,PHZ51
2015_DEH1,B111/LH82,NA,B111,LH82
2015_ILH1,B111/LH82,NA,B111,LH82
2015_KSH1,B111/LH82,NA,B111,LH82
2015_MNH1,B111/LH82,NA,B111,LH82
2015_MOH1,B111/LH82,NA,B111,LH82
2015_MOH2,B111/LH82,NA,B111,LH82
2015_NEH3,B111/LH82,NA,B111,LH82
2015_NEH4,B111/LH82,NA,B111,LH82
2015_NYH2,B111/LH82,NA,B111,LH82
2015_ONH2,B111/LH82,NA,B111,LH82
2015_DEH1,B111/PHZ51,NA,B111,PHZ51
2015_ILH1,B111/PHZ51,NA,B111,PHZ51
2015_KSH1,B111/PHZ51,NA,B111,PHZ51
2015_MNH1,B111/PHZ51,NA,B111,PHZ51
2015_MOH1,B111/PHZ51,NA,B111,PHZ51
2015_MOH2,B111/PHZ51,NA,B111,PHZ51
2015_NEH3,B111/PHZ51,NA,B111,PHZ51
2015_NEH4,B111/PHZ51,NA,B111,PHZ51
2015_NYH2,B111/PHZ51,NA,B111,PHZ51
2015_ONH2,B111/PHZ51,NA,B111,PHZ51
2015_DEH1,B118/PHB47,NA,B118,PHB47
2015_KSH1,B118/PHB47,NA,B118,PHB47
2015_NEH3,B118/PHB47,NA,B118,PHB47
2015_NYH3,B118/PHB47,NA,B118,PHB47
2015_OHH1,B118/PHB47,NA,B118,PHB47
2015_ONH1,B118/PHB47,NA,B118,PHB47
2015_ONH2,B118/PHB47,NA,B118,PHB47
2015_ILH1,B119/LH82,NA,B119,LH82
2015_KSH1,B119/LH82,NA,B119,LH82
2015_MNH1,B119/LH82,NA,B119,LH82
2015_MOH1,B119/LH82,NA,B119,LH82
2015_MOH2,B119/LH82,NA,B119,LH82
2015_NEH3,B119/LH82,NA,B119,LH82
2015_NEH4,B119/LH82,NA,B119,LH82
2015_NYH2,B119/LH82,NA,B119,LH82
2015_OHH1,B119/LH82,NA,B119,LH82
2015_ILH1,B119/PHZ51,NA,B119,PHZ51
2015_KSH1,B119/PHZ51,NA,B119,PHZ51
2015_MNH1,B119/PHZ51,NA,B119,PHZ51
2015_MOH1,B119/PHZ51,NA,B119,PHZ51
2015_MOH2,B119/PHZ51,NA,B119,PHZ51
2015_NEH3,B119/PHZ51,NA,B119,PHZ51
2015_NEH4,B119/PHZ51,NA,B119,PHZ51
2015_NYH2,B119/PHZ51,NA,B119,PHZ51
2015_OHH1,B119/PHZ51,NA,B119,PHZ51
2015_DEH1,B14A/C103,NA,B14A,C103
2015_ILH1,B14A/C103,NA,B14A,C103
2015_INH1,B14A/C103,NA,B14A,C103
2015_KSH1,B14A/C103,NA,B14A,C103
2015_MNH1,B14A/C103,NA,B14A,C103
2015_MOH1,B14A/C103,NA,B14A,C103
2015_MOH2,B14A/C103,NA,B14A,C103
2015_NEH1,B14A/C103,NA,B14A,C103
2015_NEH2,B14A/C103,NA,B14A,C103
2015_NEH3,B14A/C103,NA,B14A,C103
2015_NEH4,B14A/C103,NA,B14A,C103
2015_NYH2,B14A/C103,NA,B14A,C103
2015_NYH3,B14A/C103,NA,B14A,C103
2015_OHH1,B14A/C103,NA,B14A,C103
2015_ONH1,B14A/C103,NA,B14A,C103
2015_ONH2,B14A/C103,NA,B14A,C103
2014_ILH1,B14A/H95,NA,B14A,H95
2014_INH1,B14A/H95,NA,B14A,H95
2014_MNH1,B14A/H95,NA,B14A,H95
2014_MOH1,B14A/H95,NA,B14A,H95
2014_MOH2,B14A/H95,NA,B14A,H95
2014_NEH1,B14A/H95,NA,B14A,H95
2014_NEH2,B14A/H95,NA,B14A,H95
2014_NYH2,B14A/H95,NA,B14A,H95
2014_WIH1,B14A/H95,NA,B14A,H95
2015_DEH1,B14A/H95,NA,B14A,H95
2015_ILH1,B14A/H95,NA,B14A,H95
2015_INH1,B14A/H95,NA,B14A,H95
2015_KSH1,B14A/H95,NA,B14A,H95
2015_MNH1,B14A/H95,NA,B14A,H95
2015_MOH1,B14A/H95,NA,B14A,H95
2015_MOH2,B14A/H95,NA,B14A,H95
2015_NEH1,B14A/H95,NA,B14A,H95
2015_NEH2,B14A/H95,NA,B14A,H95
2015_NEH3,B14A/H95,NA,B14A,H95
2015_NEH4,B14A/H95,NA,B14A,H95
2015_NYH2,B14A/H95,NA,B14A,H95
2015_NYH3,B14A/H95,NA,B14A,H95
2015_OHH1,B14A/H95,NA,B14A,H95
2015_ONH1,B14A/H95,NA,B14A,H95
2015_ONH2,B14A/H95,NA,B14A,H95
2015_NYH2,B14A/LH82,NA,B14A,LH82
2015_NYH3,B14A/LH82,NA,B14A,LH82
2015_ONH1,B14A/LH82,NA,B14A,LH82
2015_ONH2,B14A/LH82,NA,B14A,LH82
2014_ILH1,B14A/MO17,NA,B14A,MO17
2014_MOH2,B14A/MO17,NA,B14A,MO17
2014_NEH1,B14A/MO17,NA,B14A,MO17
2015_NYH2,B14A/MO17,NA,B14A,MO17
2015_NYH3,B14A/MO17,NA,B14A,MO17
2015_ONH1,B14A/MO17,NA,B14A,MO17
2015_ONH2,B14A/MO17,NA,B14A,MO17
2014_ILH1,B14A/OH43,NA,B14A,OH43
2014_INH1,B14A/OH43,NA,B14A,OH43
2014_MNH1,B14A/OH43,NA,B14A,OH43
2014_MOH1,B14A/OH43,NA,B14A,OH43
2014_MOH2,B14A/OH43,NA,B14A,OH43
2014_NEH1,B14A/OH43,NA,B14A,OH43
2014_NEH2,B14A/OH43,NA,B14A,OH43
2014_NYH2,B14A/OH43,NA,B14A,OH43
2014_WIH1,B14A/OH43,NA,B14A,OH43
2015_DEH1,B14A/OH43,NA,B14A,OH43
2015_ILH1,B14A/OH43,NA,B14A,OH43
2015_INH1,B14A/OH43,NA,B14A,OH43
2015_KSH1,B14A/OH43,NA,B14A,OH43
2015_MNH1,B14A/OH43,NA,B14A,OH43
2015_MOH1,B14A/OH43,NA,B14A,OH43
2015_MOH2,B14A/OH43,NA,B14A,OH43
2015_NEH1,B14A/OH43,NA,B14A,OH43
2015_NEH2,B14A/OH43,NA,B14A,OH43
2015_NEH3,B14A/OH43,NA,B14A,OH43
2015_NYH2,B14A/OH43,NA,B14A,OH43
2015_NYH3,B14A/OH43,NA,B14A,OH43
2015_OHH1,B14A/OH43,NA,B14A,OH43
2015_ONH1,B14A/OH43,NA,B14A,OH43
2015_ONH2,B14A/OH43,NA,B14A,OH43
2014_GAH1,B37/C103,NA,B37,C103
2014_ILH1,B37/C103,NA,B37,C103
2014_INH1,B37/C103,NA,B37,C103
2014_MNH1,B37/C103,NA,B37,C103
2014_MOH1,B37/C103,NA,B37,C103
2014_MOH2,B37/C103,NA,B37,C103
2014_NEH1,B37/C103,NA,B37,C103
2014_NEH2,B37/C103,NA,B37,C103
2014_NYH2,B37/C103,NA,B37,C103
2014_TXH1,B37/C103,NA,B37,C103
2014_TXH2,B37/C103,NA,B37,C103
2014_WIH1,B37/C103,NA,B37,C103
2015_DEH1,B37/C103,NA,B37,C103
2015_ILH1,B37/C103,NA,B37,C103
2015_INH1,B37/C103,NA,B37,C103
2015_KSH1,B37/C103,NA,B37,C103
2015_MNH1,B37/C103,NA,B37,C103
2015_MOH1,B37/C103,NA,B37,C103
2015_MOH2,B37/C103,NA,B37,C103
2015_NEH1,B37/C103,NA,B37,C103
2015_NEH2,B37/C103,NA,B37,C103
2015_NEH3,B37/C103,NA,B37,C103
2015_NEH4,B37/C103,NA,B37,C103
2015_NYH2,B37/C103,NA,B37,C103
2015_NYH3,B37/C103,NA,B37,C103
2015_OHH1,B37/C103,NA,B37,C103
2015_ONH1,B37/C103,NA,B37,C103
2015_ONH2,B37/C103,NA,B37,C103
2014_GAH1,B37/H95,NA,B37,H95
2014_ILH1,B37/H95,NA,B37,H95
2014_INH1,B37/H95,NA,B37,H95
2014_MNH1,B37/H95,NA,B37,H95
2014_MOH1,B37/H95,NA,B37,H95
2014_MOH2,B37/H95,NA,B37,H95
2014_NEH1,B37/H95,NA,B37,H95
2014_NEH2,B37/H95,NA,B37,H95
2014_NYH1,B37/H95,NA,B37,H95
2014_NYH2,B37/H95,NA,B37,H95
2014_TXH1,B37/H95,NA,B37,H95
2014_TXH2,B37/H95,NA,B37,H95
2014_WIH1,B37/H95,NA,B37,H95
2015_DEH1,B37/H95,NA,B37,H95
2015_ILH1,B37/H95,NA,B37,H95
2015_INH1,B37/H95,NA,B37,H95
2015_KSH1,B37/H95,NA,B37,H95
2015_MNH1,B37/H95,NA,B37,H95
2015_MOH1,B37/H95,NA,B37,H95
2015_MOH2,B37/H95,NA,B37,H95
2015_NEH1,B37/H95,NA,B37,H95
2015_NEH2,B37/H95,NA,B37,H95
2015_NEH3,B37/H95,NA,B37,H95
2015_NEH4,B37/H95,NA,B37,H95
2015_NYH2,B37/H95,NA,B37,H95
2015_NYH3,B37/H95,NA,B37,H95
2015_OHH1,B37/H95,NA,B37,H95
2015_ONH1,B37/H95,NA,B37,H95
2015_ONH2,B37/H95,NA,B37,H95
2014_DEH1,B37/MO17,217.8267445,B37,MO17
2014_ILH1,B37/MO17,216.4183468,B37,MO17
2014_INH1,B37/MO17,172.8779149,B37,MO17
2014_MNH1,B37/MO17,113.7258943,B37,MO17
2014_MOH1,B37/MO17,161.9214918,B37,MO17
2014_MOH2,B37/MO17,203.7447829,B37,MO17
2014_NEH1,B37/MO17,55.04724697,B37,MO17
2014_NEH2,B37/MO17,151.8655935,B37,MO17
2014_NYH2,B37/MO17,169.8285509,B37,MO17
2014_WIH1,B37/MO17,252.8995859,B37,MO17
2015_KSH1,B37/MO17,134.6290288,B37,MO17
2015_MOH2,B37/MO17,104.5106439,B37,MO17
2014_DEH1,B37/OH43,204.0989829,B37,OH43
2014_ILH1,B37/OH43,190.5769199,B37,OH43
2014_INH1,B37/OH43,146.9482213,B37,OH43
2014_MNH1,B37/OH43,84.66106758,B37,OH43
2014_MOH1,B37/OH43,156.9261129,B37,OH43
2014_MOH2,B37/OH43,163.5445319,B37,OH43
2014_NEH1,B37/OH43,83.42831494,B37,OH43
2014_NEH2,B37/OH43,83.4136389,B37,OH43
2014_NYH2,B37/OH43,154.0890326,B37,OH43
2014_WIH1,B37/OH43,210.775844,B37,OH43
2015_DEH1,B37/OH43,160.4266247,B37,OH43
2015_ILH1,B37/OH43,144.6406617,B37,OH43
2015_INH1,B37/OH43,190.3777674,B37,OH43
2015_KSH1,B37/OH43,129.4892802,B37,OH43
2015_MNH1,B37/OH43,121.8869923,B37,OH43
2015_MOH1,B37/OH43,75.91412805,B37,OH43
2015_MOH2,B37/OH43,134.3946536,B37,OH43
2015_NEH1,B37/OH43,84.56549869,B37,OH43
2015_NEH2,B37/OH43,119.5981143,B37,OH43
2015_NEH3,B37/OH43,146.4431896,B37,OH43
2015_NEH4,B37/OH43,100.4816525,B37,OH43
2015_NYH2,B37/OH43,136.6482617,B37,OH43
2015_NYH3,B37/OH43,149.4116942,B37,OH43
2015_OHH1,B37/OH43,163.9872189,B37,OH43
2015_ONH1,B37/OH43,242.0324155,B37,OH43
2015_ONH2,B37/OH43,211.0654272,B37,OH43
2015_KSH1,B37/PHZ51,59.54519439,B37,PHZ51
2015_MOH2,B37/PHZ51,99.21446467,B37,PHZ51
2015_INH1,B68/LH82,88.09787751,B68,LH82
2015_KSH1,B68/LH82,97.24576681,B68,LH82
2015_MOH2,B68/LH82,64.64742824,B68,LH82
2015_NEH2,B68/LH82,97.96728914,B68,LH82
2015_NEH3,B68/LH82,147.2939238,B68,LH82
2015_OHH1,B68/LH82,137.5460084,B68,LH82
2015_INH1,B68/PHZ51,157.6608987,B68,PHZ51
2015_KSH1,B68/PHZ51,71.74696531,B68,PHZ51
2015_MOH2,B68/PHZ51,128.6786355,B68,PHZ51
2015_NEH2,B68/PHZ51,137.0444788,B68,PHZ51
2015_NEH3,B68/PHZ51,124.431151,B68,PHZ51
2015_OHH1,B68/PHZ51,154.1468402,B68,PHZ51
2014_DEH1,B73/MO17,238.8830154,B73,MO17
2014_GAH1,B73/MO17,100.1348058,B73,MO17
2014_ILH1,B73/MO17,216.0354017,B73,MO17
2014_INH1,B73/MO17,195.2355412,B73,MO17
2014_MNH1,B73/MO17,128.8864513,B73,MO17
2014_MOH1,B73/MO17,149.8534249,B73,MO17
2014_MOH2,B73/MO17,186.2742234,B73,MO17
2014_NEH1,B73/MO17,103.6683813,B73,MO17
2014_NEH2,B73/MO17,141.0689626,B73,MO17
2014_NYH1,B73/MO17,177.4835532,B73,MO17
2014_NYH2,B73/MO17,179.4278441,B73,MO17
2014_TXH1,B73/MO17,108.6269061,B73,MO17
2014_TXH2,B73/MO17,41.15784825,B73,MO17
2014_WIH1,B73/MO17,250.3194165,B73,MO17
2015_DEH1,B73/MO17,222.4030038,B73,MO17
2015_ILH1,B73/MO17,204.9197903,B73,MO17
2015_INH1,B73/MO17,136.7312156,B73,MO17
2015_KSH1,B73/MO17,79.241826,B73,MO17
2015_MNH1,B73/MO17,151.5529741,B73,MO17
2015_MOH1,B73/MO17,112.6268372,B73,MO17
2015_MOH2,B73/MO17,153.3885731,B73,MO17
2015_NEH1,B73/MO17,134.097355,B73,MO17
2015_NEH2,B73/MO17,136.6927966,B73,MO17
2015_NEH3,B73/MO17,137.8381556,B73,MO17
2015_NEH4,B73/MO17,148.6327996,B73,MO17
2015_NYH2,B73/MO17,146.4680671,B73,MO17
2015_NYH3,B73/MO17,140.4577234,B73,MO17
2015_OHH1,B73/MO17,196.7944817,B73,MO17
2015_ONH1,B73/MO17,232.9809011,B73,MO17
2015_ONH2,B73/MO17,226.2992234,B73,MO17
2014_DEH1,B73/PHG35,197.0240702,B73,PHG35
2014_GAH1,B73/PHG35,154.9374607,B73,PHG35
2014_ILH1,B73/PHG35,243.0277678,B73,PHG35
2014_INH1,B73/PHG35,187.7010446,B73,PHG35
2014_MNH1,B73/PHG35,89.9814598,B73,PHG35
2014_MOH1,B73/PHG35,135.8191908,B73,PHG35
2014_MOH2,B73/PHG35,175.841651,B73,PHG35
2014_NEH1,B73/PHG35,130.4841088,B73,PHG35
2014_NEH2,B73/PHG35,153.7697983,B73,PHG35
2014_NYH2,B73/PHG35,182.6016258,B73,PHG35
2014_TXH1,B73/PHG35,150.8409437,B73,PHG35
2014_TXH2,B73/PHG35,113.8543516,B73,PHG35
2014_WIH1,B73/PHG35,263.7550335,B73,PHG35
2015_DEH1,B73/PHG35,211.5908313,B73,PHG35
2015_ILH1,B73/PHG35,205.9176567,B73,PHG35
2015_INH1,B73/PHG35,178.8784219,B73,PHG35
2015_KSH1,B73/PHG35,98.67808258,B73,PHG35
2015_MNH1,B73/PHG35,174.3369915,B73,PHG35
2015_MOH1,B73/PHG35,105.0784913,B73,PHG35
2015_MOH2,B73/PHG35,127.9751436,B73,PHG35
2015_NEH1,B73/PHG35,118.2506508,B73,PHG35
2015_NEH2,B73/PHG35,95.36567272,B73,PHG35
2015_NEH3,B73/PHG35,107.4627097,B73,PHG35
2015_NEH4,B73/PHG35,141.8104657,B73,PHG35
2015_NYH2,B73/PHG35,168.6189136,B73,PHG35
2015_NYH3,B73/PHG35,138.0748373,B73,PHG35
2015_OHH1,B73/PHG35,188.0141571,B73,PHG35
2015_ONH1,B73/PHG35,244.2379373,B73,PHG35
2015_ONH2,B73/PHG35,214.2130461,B73,PHG35
2014_DEH1,B73/PHM49,226.138776,B73,PHM49
2014_GAH1,B73/PHM49,128.1770051,B73,PHM49
2014_ILH1,B73/PHM49,205.8690522,B73,PHM49
2014_INH1,B73/PHM49,187.2639718,B73,PHM49
2014_MNH1,B73/PHM49,110.6416635,B73,PHM49
2014_MOH1,B73/PHM49,222.608879,B73,PHM49
2014_MOH2,B73/PHM49,168.0393441,B73,PHM49
2014_NEH1,B73/PHM49,61.96292954,B73,PHM49
2014_NEH2,B73/PHM49,111.6458422,B73,PHM49
2014_NYH2,B73/PHM49,179.8391635,B73,PHM49
2014_TXH1,B73/PHM49,196.4080299,B73,PHM49
2014_TXH2,B73/PHM49,187.4838744,B73,PHM49
2014_WIH1,B73/PHM49,226.1124423,B73,PHM49
2015_DEH1,B73/PHM49,232.0792047,B73,PHM49
2015_ILH1,B73/PHM49,198.1845863,B73,PHM49
2015_INH1,B73/PHM49,138.2144439,B73,PHM49
2015_KSH1,B73/PHM49,114.0072995,B73,PHM49
2015_MNH1,B73/PHM49,174.9505739,B73,PHM49
2015_MOH1,B73/PHM49,59.53386813,B73,PHM49
2015_MOH2,B73/PHM49,116.5567802,B73,PHM49
2015_NEH1,B73/PHM49,149.8988503,B73,PHM49
2015_NEH2,B73/PHM49,106.7208023,B73,PHM49
2015_NEH3,B73/PHM49,151.1211454,B73,PHM49
2015_NEH4,B73/PHM49,148.7224501,B73,PHM49
2015_NYH2,B73/PHM49,117.6440874,B73,PHM49
2015_NYH3,B73/PHM49,184.435386,B73,PHM49
2015_OHH1,B73/PHM49,174.683087,B73,PHM49
2015_ONH1,B73/PHM49,202.8338916,B73,PHM49
2015_ONH2,B73/PHM49,200.1057817,B73,PHM49
2014_DEH1,B73/PHN82,209.1762859,B73,PHN82
2014_GAH1,B73/PHN82,14.59287616,B73,PHN82
2014_ILH1,B73/PHN82,172.944299,B73,PHN82
2014_INH1,B73/PHN82,173.3957323,B73,PHN82
2014_MNH1,B73/PHN82,104.6989856,B73,PHN82
2014_MOH1,B73/PHN82,144.9735649,B73,PHN82
2014_MOH2,B73/PHN82,140.5714386,B73,PHN82
2014_NEH1,B73/PHN82,48.65874505,B73,PHN82
2014_NEH2,B73/PHN82,91.27874117,B73,PHN82
2014_NYH2,B73/PHN82,173.0940347,B73,PHN82
2014_TXH1,B73/PHN82,157.7063823,B73,PHN82
2014_TXH2,B73/PHN82,151.1618326,B73,PHN82
2014_WIH1,B73/PHN82,228.682079,B73,PHN82
2015_DEH1,B73/PHN82,218.8114593,B73,PHN82
2015_ILH1,B73/PHN82,194.9537504,B73,PHN82
2015_INH1,B73/PHN82,156.0864054,B73,PHN82
2015_KSH1,B73/PHN82,101.2360359,B73,PHN82
2015_MNH1,B73/PHN82,179.5485506,B73,PHN82
2015_MOH1,B73/PHN82,82.69513086,B73,PHN82
2015_MOH2,B73/PHN82,115.7430039,B73,PHN82
2015_NEH1,B73/PHN82,127.990486,B73,PHN82
2015_NEH2,B73/PHN82,158.9836447,B73,PHN82
2015_NEH3,B73/PHN82,142.7740969,B73,PHN82
2015_NEH4,B73/PHN82,142.5696563,B73,PHN82
2015_NYH2,B73/PHN82,160.8264025,B73,PHN82
2015_NYH3,B73/PHN82,187.5378721,B73,PHN82
2015_OHH1,B73/PHN82,160.3619238,B73,PHN82
2015_ONH1,B73/PHN82,225.0722738,B73,PHN82
2015_ONH2,B73/PHN82,250.8087064,B73,PHN82
2015_DEH1,B73/PHZ51,230.5928896,B73,PHZ51
2015_ILH1,B73/PHZ51,143.2893075,B73,PHZ51
2015_INH1,B73/PHZ51,148.2691713,B73,PHZ51
2015_KSH1,B73/PHZ51,94.1915959,B73,PHZ51
2015_MNH1,B73/PHZ51,167.7914847,B73,PHZ51
2015_MOH1,B73/PHZ51,71.16900996,B73,PHZ51
2015_MOH2,B73/PHZ51,113.2297014,B73,PHZ51
2015_NEH1,B73/PHZ51,122.8282455,B73,PHZ51
2015_NEH2,B73/PHZ51,111.8578121,B73,PHZ51
2015_NEH3,B73/PHZ51,105.6842854,B73,PHZ51
2015_NEH4,B73/PHZ51,146.7638457,B73,PHZ51
2015_NYH2,B73/PHZ51,160.7327704,B73,PHZ51
2015_NYH3,B73/PHZ51,178.9657944,B73,PHZ51
2015_OHH1,B73/PHZ51,180.9219002,B73,PHZ51
2015_ONH1,B73/PHZ51,239.2368033,B73,PHZ51
2015_ONH2,B73/PHZ51,208.7095786,B73,PHZ51
2014_DEH1,B73/TX205,200.0665716,B73,TX205
2014_GAH1,B73/TX205,138.2299704,B73,TX205
2014_ILH1,B73/TX205,209.4947212,B73,TX205
2014_INH1,B73/TX205,172.7692384,B73,TX205
2014_MNH1,B73/TX205,106.9792493,B73,TX205
2014_MOH1,B73/TX205,124.5244687,B73,TX205
2014_MOH2,B73/TX205,201.0524712,B73,TX205
2014_NEH1,B73/TX205,130.0455105,B73,TX205
2014_NEH2,B73/TX205,121.0958531,B73,TX205
2014_NYH1,B73/TX205,144.8150694,B73,TX205
2014_NYH2,B73/TX205,178.0874281,B73,TX205
2014_TXH1,B73/TX205,200.4075613,B73,TX205
2014_TXH2,B73/TX205,89.30689852,B73,TX205
2014_WIH1,B73/TX205,229.6876523,B73,TX205
2015_DEH1,B73/TX205,201.676545,B73,TX205
2015_ILH1,B73/TX205,194.585534,B73,TX205
2015_INH1,B73/TX205,175.7364314,B73,TX205
2015_KSH1,B73/TX205,112.1220775,B73,TX205
2015_MNH1,B73/TX205,188.2204234,B73,TX205
2015_MOH1,B73/TX205,93.3680366,B73,TX205
2015_MOH2,B73/TX205,138.5570783,B73,TX205
2015_NEH1,B73/TX205,140.1321149,B73,TX205
2015_NEH2,B73/TX205,149.6068815,B73,TX205
2015_NEH3,B73/TX205,118.2170378,B73,TX205
2015_NEH4,B73/TX205,131.370508,B73,TX205
2015_NYH2,B73/TX205,160.7306663,B73,TX205
2015_NYH3,B73/TX205,151.7987885,B73,TX205
2015_OHH1,B73/TX205,196.0821876,B73,TX205
2015_ONH1,B73/TX205,226.6050925,B73,TX205
2015_ONH2,B73/TX205,213.581292,B73,TX205
2014_GAH1,B73_NC230-032-1-1-1-1/LH195,99.02237589,B73_NC230-032-1-1-1-1,LH195
2014_TXH1,B73_NC230-032-1-1-1-1/LH195,114.4397719,B73_NC230-032-1-1-1-1,LH195
2014_TXH2,B73_NC230-032-1-1-1-1/LH195,137.6895105,B73_NC230-032-1-1-1-1,LH195
2014_INH1,B73_NC230-040-1-1-1-1/LH185,164.1453999,B73_NC230-040-1-1-1-1,LH185
2014_MOH1,B73_NC230-040-1-1-1-1/LH185,156.2831782,B73_NC230-040-1-1-1-1,LH185
2014_NEH1,B73_NC230-040-1-1-1-1/LH185,45.5094954,B73_NC230-040-1-1-1-1,LH185
2014_ILH1,B73_NC230-040-1-1-1-1/LH198,168.4533214,B73_NC230-040-1-1-1-1,LH198
2014_NEH2,B73_NC230-040-1-1-1-1/LH198,74.71268539,B73_NC230-040-1-1-1-1,LH198
2014_NYH2,B73_NC230-040-1-1-1-1/LH198,114.1715051,B73_NC230-040-1-1-1-1,LH198
2014_WIH1,B73_NC230-040-1-1-1-1/LH198,138.9903872,B73_NC230-040-1-1-1-1,LH198
2014_INH1,B73_NC230-041-1-1-1-1/LH185,176.1291605,B73_NC230-041-1-1-1-1,LH185
2014_MOH1,B73_NC230-041-1-1-1-1/LH185,158.528847,B73_NC230-041-1-1-1-1,LH185
2014_NEH1,B73_NC230-041-1-1-1-1/LH185,78.78500095,B73_NC230-041-1-1-1-1,LH185
2015_MNH1,B73_NC230-041-1-1-1-1/LH185,155.2919188,B73_NC230-041-1-1-1-1,LH185
2015_NEH1,B73_NC230-041-1-1-1-1/LH185,140.7642197,B73_NC230-041-1-1-1-1,LH185
2015_NYH2,B73_NC230-041-1-1-1-1/LH185,138.7902291,B73_NC230-041-1-1-1-1,LH185
2014_DEH1,B73_NC230-041-1-1-1-1/LH195,150.9091451,B73_NC230-041-1-1-1-1,LH195
2014_GAH1,B73_NC230-041-1-1-1-1/LH195,131.4790624,B73_NC230-041-1-1-1-1,LH195
2014_TXH1,B73_NC230-041-1-1-1-1/LH195,135.8166187,B73_NC230-041-1-1-1-1,LH195
2014_TXH2,B73_NC230-041-1-1-1-1/LH195,93.64326031,B73_NC230-041-1-1-1-1,LH195
2014_ILH1,B73_NC230-041-1-1-1-1/LH198,178.3722295,B73_NC230-041-1-1-1-1,LH198
2014_NEH2,B73_NC230-041-1-1-1-1/LH198,63.13175362,B73_NC230-041-1-1-1-1,LH198
2014_NYH2,B73_NC230-041-1-1-1-1/LH198,97.18248775,B73_NC230-041-1-1-1-1,LH198
2014_WIH1,B73_NC230-041-1-1-1-1/LH198,127.9990849,B73_NC230-041-1-1-1-1,LH198
2014_GAH1,B73_NC230-041-1-1-1-1/PB80,68.80539847,B73_NC230-041-1-1-1-1,PB80
2014_MOH2,B73_NC230-041-1-1-1-1/PB80,137.7329685,B73_NC230-041-1-1-1-1,PB80
2014_TXH1,B73_NC230-041-1-1-1-1/PB80,151.4253557,B73_NC230-041-1-1-1-1,PB80
2014_TXH2,B73_NC230-041-1-1-1-1/PB80,95.0107751,B73_NC230-041-1-1-1-1,PB80
2014_INH1,B73_NC230-059-1-1-1-1/LH185,173.4185618,B73_NC230-059-1-1-1-1,LH185
2014_MOH1,B73_NC230-059-1-1-1-1/LH185,155.3472497,B73_NC230-059-1-1-1-1,LH185
2014_NEH1,B73_NC230-059-1-1-1-1/LH185,76.57964774,B73_NC230-059-1-1-1-1,LH185
2015_DEH1,B73_NC230-059-1-1-1-1/LH185,169.3795434,B73_NC230-059-1-1-1-1,LH185
2015_ILH1,B73_NC230-059-1-1-1-1/LH185,175.1279275,B73_NC230-059-1-1-1-1,LH185
2015_KSH1,B73_NC230-059-1-1-1-1/LH185,66.04918475,B73_NC230-059-1-1-1-1,LH185
2015_MNH1,B73_NC230-059-1-1-1-1/LH185,149.8054944,B73_NC230-059-1-1-1-1,LH185
2015_MOH2,B73_NC230-059-1-1-1-1/LH185,120.2713887,B73_NC230-059-1-1-1-1,LH185
2015_NEH2,B73_NC230-059-1-1-1-1/LH185,91.88530155,B73_NC230-059-1-1-1-1,LH185
2015_NEH4,B73_NC230-059-1-1-1-1/LH185,144.1198985,B73_NC230-059-1-1-1-1,LH185
2015_NYH3,B73_NC230-059-1-1-1-1/LH185,157.6849906,B73_NC230-059-1-1-1-1,LH185
2015_OHH1,B73_NC230-059-1-1-1-1/LH185,196.0154995,B73_NC230-059-1-1-1-1,LH185
2015_ONH1,B73_NC230-059-1-1-1-1/LH185,216.8511346,B73_NC230-059-1-1-1-1,LH185
2014_ILH1,B73_NC230-059-1-1-1-1/LH198,134.9381596,B73_NC230-059-1-1-1-1,LH198
2014_NEH2,B73_NC230-059-1-1-1-1/LH198,92.08460906,B73_NC230-059-1-1-1-1,LH198
2014_NYH2,B73_NC230-059-1-1-1-1/LH198,141.2330819,B73_NC230-059-1-1-1-1,LH198
2014_WIH1,B73_NC230-059-1-1-1-1/LH198,101.4621571,B73_NC230-059-1-1-1-1,LH198
2014_DEH1,B73_NC230-126-1-1-1-1/LH195,173.8795681,B73_NC230-126-1-1-1-1,LH195
2014_GAH1,B73_NC230-126-1-1-1-1/LH195,112.2389337,B73_NC230-126-1-1-1-1,LH195
2014_TXH1,B73_NC230-126-1-1-1-1/LH195,145.606353,B73_NC230-126-1-1-1-1,LH195
2014_TXH2,B73_NC230-126-1-1-1-1/LH195,93.57074213,B73_NC230-126-1-1-1-1,LH195
2014_DEH1,B73_NC230-127-1-1-1-1/LH195,189.5956267,B73_NC230-127-1-1-1-1,LH195
2014_GAH1,B73_NC230-127-1-1-1-1/PB80,61.35855057,B73_NC230-127-1-1-1-1,PB80
2014_MOH2,B73_NC230-127-1-1-1-1/PB80,142.3459619,B73_NC230-127-1-1-1-1,PB80
2014_TXH1,B73_NC230-127-1-1-1-1/PB80,136.4450852,B73_NC230-127-1-1-1-1,PB80
2014_TXH2,B73_NC230-127-1-1-1-1/PB80,94.14495518,B73_NC230-127-1-1-1-1,PB80
2014_DEH1,B73_NC230-128-1-1-1-1/LH195,184.1680764,B73_NC230-128-1-1-1-1,LH195
2014_GAH1,B73_NC230-128-1-1-1-1/LH195,126.8585493,B73_NC230-128-1-1-1-1,LH195
2014_TXH1,B73_NC230-128-1-1-1-1/LH195,133.6309037,B73_NC230-128-1-1-1-1,LH195
2014_TXH2,B73_NC230-128-1-1-1-1/LH195,111.5557607,B73_NC230-128-1-1-1-1,LH195
2014_GAH1,B73_NC230-128-1-1-1-1/PB80,58.2898614,B73_NC230-128-1-1-1-1,PB80
2014_MOH2,B73_NC230-128-1-1-1-1/PB80,130.0714051,B73_NC230-128-1-1-1-1,PB80
2014_TXH1,B73_NC230-128-1-1-1-1/PB80,126.7161942,B73_NC230-128-1-1-1-1,PB80
2014_TXH2,B73_NC230-128-1-1-1-1/PB80,132.657322,B73_NC230-128-1-1-1-1,PB80
2014_INH1,B73_NC230-129-1-1-1-1/LH185,172.3962615,B73_NC230-129-1-1-1-1,LH185
2014_MOH1,B73_NC230-129-1-1-1-1/LH185,164.4837093,B73_NC230-129-1-1-1-1,LH185
2014_NEH1,B73_NC230-129-1-1-1-1/LH185,94.50368559,B73_NC230-129-1-1-1-1,LH185
2015_DEH1,B73_NC230-129-1-1-1-1/LH185,184.0418487,B73_NC230-129-1-1-1-1,LH185
2015_INH1,B73_NC230-129-1-1-1-1/LH185,168.3615829,B73_NC230-129-1-1-1-1,LH185
2015_KSH1,B73_NC230-129-1-1-1-1/LH185,73.59283411,B73_NC230-129-1-1-1-1,LH185
2015_MOH1,B73_NC230-129-1-1-1-1/LH185,114.7023864,B73_NC230-129-1-1-1-1,LH185
2015_MOH2,B73_NC230-129-1-1-1-1/LH185,150.4619747,B73_NC230-129-1-1-1-1,LH185
2015_NEH1,B73_NC230-129-1-1-1-1/LH185,79.55663056,B73_NC230-129-1-1-1-1,LH185
2015_NEH3,B73_NC230-129-1-1-1-1/LH185,137.5974923,B73_NC230-129-1-1-1-1,LH185
2015_OHH1,B73_NC230-129-1-1-1-1/LH185,161.0815823,B73_NC230-129-1-1-1-1,LH185
2014_DEH1,B73_NC230-129-1-1-1-1/LH195,200.4886354,B73_NC230-129-1-1-1-1,LH195
2014_GAH1,B73_NC230-129-1-1-1-1/LH195,150.1285655,B73_NC230-129-1-1-1-1,LH195
2014_TXH1,B73_NC230-129-1-1-1-1/LH195,172.8971498,B73_NC230-129-1-1-1-1,LH195
2014_TXH2,B73_NC230-129-1-1-1-1/LH195,156.4788774,B73_NC230-129-1-1-1-1,LH195
2014_ILH1,B73_NC230-129-1-1-1-1/LH198,172.1360641,B73_NC230-129-1-1-1-1,LH198
2014_NEH2,B73_NC230-129-1-1-1-1/LH198,94.98720633,B73_NC230-129-1-1-1-1,LH198
2014_NYH2,B73_NC230-129-1-1-1-1/LH198,125.5651493,B73_NC230-129-1-1-1-1,LH198
2014_WIH1,B73_NC230-129-1-1-1-1/LH198,140.7043061,B73_NC230-129-1-1-1-1,LH198
2015_ILH1,B76/LH82,84.92543022,B76,LH82
2015_MOH1,B76/LH82,86.91341973,B76,LH82
2015_NEH1,B76/LH82,164.5467032,B76,LH82
2015_NEH2,B76/LH82,116.3746864,B76,LH82
2015_NEH3,B76/LH82,78.20275934,B76,LH82
2015_NEH4,B76/LH82,79.59283851,B76,LH82
2015_ILH1,B76/PHZ51,159.4419089,B76,PHZ51
2015_MOH1,B76/PHZ51,31.45001242,B76,PHZ51
2015_NEH1,B76/PHZ51,94.2523516,B76,PHZ51
2015_NEH2,B76/PHZ51,128.032024,B76,PHZ51
2015_NEH3,B76/PHZ51,115.2544604,B76,PHZ51
2015_NEH4,B76/PHZ51,134.2508807,B76,PHZ51
2015_DEH1,B79/LH82,98.4237652,B79,LH82
2015_ILH1,B79/LH82,125.2672189,B79,LH82
2015_INH1,B79/LH82,145.06127,B79,LH82
2015_NEH1,B79/LH82,96.11102616,B79,LH82
2015_NEH4,B79/LH82,103.0238799,B79,LH82
2015_OHH1,B79/LH82,145.867699,B79,LH82
2015_DEH1,B79/PHZ51,201.7923897,B79,PHZ51
2015_ILH1,B79/PHZ51,179.1677874,B79,PHZ51
2015_INH1,B79/PHZ51,173.4825262,B79,PHZ51
2015_NEH1,B79/PHZ51,107.710661,B79,PHZ51
2015_NEH4,B79/PHZ51,78.93546995,B79,PHZ51
2015_OHH1,B79/PHZ51,149.2724733,B79,PHZ51
2015_DEH1,B97/LH195,201.3926119,B97,LH195
2015_ILH1,B97/LH195,216.9825595,B97,LH195
2015_KSH1,B97/LH195,72.19499261,B97,LH195
2015_MOH1,B97/LH195,59.75845306,B97,LH195
2015_MOH2,B97/LH195,179.1524399,B97,LH195
2015_NEH2,B97/LH195,152.7511555,B97,LH195
2015_NEH4,B97/LH195,153.2001149,B97,LH195
2015_INH1,B97/LH82,171.2693352,B97,LH82
2015_KSH1,B97/LH82,47.80829668,B97,LH82
2015_MNH1,B97/LH82,173.9948013,B97,LH82
2015_MOH2,B97/LH82,98.14726886,B97,LH82
2015_NEH1,B97/LH82,182.975934,B97,LH82
2015_NEH3,B97/LH82,116.909618,B97,LH82
2015_NYH2,B97/LH82,190.0785653,B97,LH82
2015_NYH3,B97/LH82,156.907528,B97,LH82
2015_OHH1,B97/LH82,171.2042603,B97,LH82
2015_ONH1,B97/LH82,210.965337,B97,LH82
2015_ONH2,B97/LH82,198.5999344,B97,LH82
2015_DEH1,B97/PHB47,190.6046485,B97,PHB47
2015_ILH1,B97/PHB47,182.7999791,B97,PHB47
2015_INH1,B97/PHB47,126.6957407,B97,PHB47
2015_KSH1,B97/PHB47,79.02798432,B97,PHB47
2015_MNH1,B97/PHB47,169.8497725,B97,PHB47
2015_MOH1,B97/PHB47,89.52261196,B97,PHB47
2015_MOH2,B97/PHB47,158.1467773,B97,PHB47
2015_NEH1,B97/PHB47,111.6955807,B97,PHB47
2015_NEH2,B97/PHB47,117.6529866,B97,PHB47
2015_NEH3,B97/PHB47,112.255271,B97,PHB47
2015_NEH4,B97/PHB47,100.4608892,B97,PHB47
2015_NYH2,B97/PHB47,129.7568288,B97,PHB47
2015_NYH3,B97/PHB47,131.3128061,B97,PHB47
2015_OHH1,B97/PHB47,153.9954623,B97,PHB47
2015_ONH1,B97/PHB47,202.3169724,B97,PHB47
2015_ONH2,B97/PHB47,211.7450494,B97,PHB47
2015_DEH1,BSSSC0_044/LH82,134.9845453,BSSSC0_044,LH82
2015_ILH1,BSSSC0_044/LH82,207.1627542,BSSSC0_044,LH82
2015_INH1,BSSSC0_044/LH82,139.7854655,BSSSC0_044,LH82
2015_KSH1,BSSSC0_044/LH82,101.6954779,BSSSC0_044,LH82
2015_MNH1,BSSSC0_044/LH82,139.0389306,BSSSC0_044,LH82
2015_MOH1,BSSSC0_044/LH82,41.47344038,BSSSC0_044,LH82
2015_MOH2,BSSSC0_044/LH82,81.47518841,BSSSC0_044,LH82
2015_NEH1,BSSSC0_044/LH82,119.2481081,BSSSC0_044,LH82
2015_NEH2,BSSSC0_044/LH82,122.7221118,BSSSC0_044,LH82
2015_NEH3,BSSSC0_044/LH82,170.0253741,BSSSC0_044,LH82
2015_NEH4,BSSSC0_044/LH82,57.45556633,BSSSC0_044,LH82
2015_NYH2,BSSSC0_044/LH82,126.0857113,BSSSC0_044,LH82
2015_NYH3,BSSSC0_044/LH82,76.15135946,BSSSC0_044,LH82
2015_OHH1,BSSSC0_044/LH82,143.1363516,BSSSC0_044,LH82
2015_ONH1,BSSSC0_044/LH82,199.8470901,BSSSC0_044,LH82
2015_ONH2,BSSSC0_044/LH82,180.7411234,BSSSC0_044,LH82
2015_DEH1,BSSSC0_044/PHZ51,198.7077405,BSSSC0_044,PHZ51
2015_ILH1,BSSSC0_044/PHZ51,169.4531867,BSSSC0_044,PHZ51
2015_INH1,BSSSC0_044/PHZ51,141.8163367,BSSSC0_044,PHZ51
2015_KSH1,BSSSC0_044/PHZ51,93.34561872,BSSSC0_044,PHZ51
2015_MNH1,BSSSC0_044/PHZ51,153.0755071,BSSSC0_044,PHZ51
2015_MOH1,BSSSC0_044/PHZ51,29.45225795,BSSSC0_044,PHZ51
2015_MOH2,BSSSC0_044/PHZ51,84.77559863,BSSSC0_044,PHZ51
2015_NEH1,BSSSC0_044/PHZ51,82.78916141,BSSSC0_044,PHZ51
2015_NEH2,BSSSC0_044/PHZ51,118.6923184,BSSSC0_044,PHZ51
2015_NEH3,BSSSC0_044/PHZ51,123.4904248,BSSSC0_044,PHZ51
2015_NEH4,BSSSC0_044/PHZ51,62.86354012,BSSSC0_044,PHZ51
2015_NYH2,BSSSC0_044/PHZ51,127.1040927,BSSSC0_044,PHZ51
2015_NYH3,BSSSC0_044/PHZ51,127.2892529,BSSSC0_044,PHZ51
2015_OHH1,BSSSC0_044/PHZ51,143.1404429,BSSSC0_044,PHZ51
2015_ONH1,BSSSC0_044/PHZ51,183.7116587,BSSSC0_044,PHZ51
2015_ONH2,BSSSC0_044/PHZ51,145.5620443,BSSSC0_044,PHZ51
2014_ILH1,CG102/CG60,157.7976649,CG102,CG60
2014_MOH1,CG102/CG60,99.02864175,CG102,CG60
2014_NYH1,CG102/CG60,153.9091481,CG102,CG60
2015_INH1,CG102/CG60,107.0276722,CG102,CG60
2015_MNH1,CG102/CG60,148.3644293,CG102,CG60
2015_NYH2,CG102/CG60,122.2225953,CG102,CG60
2015_NYH3,CG102/CG60,130.2314773,CG102,CG60
2015_ONH1,CG102/CG60,138.4012146,CG102,CG60
2015_ONH2,CG102/CG60,158.277293,CG102,CG60
2014_ILH1,CG102/LH82,192.8406617,CG102,LH82
2014_MOH1,CG102/LH82,147.0369305,CG102,LH82
2014_NYH1,CG102/LH82,106.0037614,CG102,LH82
2015_DEH1,CG102/LH82,145.2739222,CG102,LH82
2015_ILH1,CG102/LH82,130.9829894,CG102,LH82
2015_INH1,CG102/LH82,147.5817639,CG102,LH82
2015_MNH1,CG102/LH82,157.6457421,CG102,LH82
2015_NEH1,CG102/LH82,137.0510642,CG102,LH82
2015_NEH4,CG102/LH82,98.55772184,CG102,LH82
2015_NYH2,CG102/LH82,139.9453766,CG102,LH82
2015_NYH3,CG102/LH82,115.1354816,CG102,LH82
2015_OHH1,CG102/LH82,145.8766998,CG102,LH82
2015_ONH1,CG102/LH82,166.3110735,CG102,LH82
2015_ONH2,CG102/LH82,187.1938528,CG102,LH82
2015_DEH1,CG102/PHZ51,181.5060571,CG102,PHZ51
2015_ILH1,CG102/PHZ51,150.2133539,CG102,PHZ51
2015_NEH1,CG102/PHZ51,77.64967874,CG102,PHZ51
2015_NEH4,CG102/PHZ51,99.72016056,CG102,PHZ51
2015_NYH3,CG102/PHZ51,148.7646853,CG102,PHZ51
2015_OHH1,CG102/PHZ51,165.9469484,CG102,PHZ51
2015_ONH1,CG102/PHZ51,196.9046634,CG102,PHZ51
2015_ONH1,CG104/CG102,149.4618687,CG104,CG102
2015_ONH2,CG104/CG102,172.6784468,CG104,CG102
2014_ILH1,CG104/LH198,188.5484684,CG104,LH198
2014_MNH1,CG104/LH198,125.7142671,CG104,LH198
2014_NEH2,CG104/LH198,80.87189369,CG104,LH198
2015_MNH1,CG104/LH82,131.928923,CG104,LH82
2015_MOH1,CG104/LH82,92.26456064,CG104,LH82
2015_NYH2,CG104/LH82,108.3897572,CG104,LH82
2015_NYH3,CG104/LH82,144.1914377,CG104,LH82
2015_ONH1,CG104/LH82,163.1566863,CG104,LH82
2015_ONH2,CG104/LH82,181.2621496,CG104,LH82
2015_NEH3,CG104/PHB47,108.6859918,CG104,PHB47
2015_NYH3,CG104/PHB47,75.6358565,CG104,PHB47
2015_ONH1,CG104/PHB47,168.5165953,CG104,PHB47
2015_NYH3,CG104/PHZ51,111.3107653,CG104,PHZ51
2015_ONH1,CG104/PHZ51,180.2362623,CG104,PHZ51
2014_NYH1,CG105/CG102,72.3615618,CG105,CG102
2014_NYH2,CG105/CG102,90.59054782,CG105,CG102
2015_ILH1,CG105/CG102,105.6928351,CG105,CG102
2015_MNH1,CG105/CG102,121.2802721,CG105,CG102
2015_NYH2,CG105/CG102,79.34537371,CG105,CG102
2015_NYH2,CG105/PHB47,86.70759759,CG105,PHB47
2015_ONH1,CG105/PHB47,171.3055985,CG105,PHB47
2015_ONH2,CG105/PHB47,214.6175582,CG105,PHB47
2015_NEH2,CG105/PHZ51,151.2255172,CG105,PHZ51
2015_NYH3,CG105/PHZ51,147.1224402,CG105,PHZ51
2015_ONH1,CG105/PHZ51,189.7749554,CG105,PHZ51
2015_ONH2,CG105/PHZ51,192.3099567,CG105,PHZ51
2015_MNH1,CG106/PHB47,116.2904378,CG106,PHB47
2015_NYH2,CG106/PHB47,114.3611752,CG106,PHB47
2015_NYH3,CG106/PHB47,99.07966859,CG106,PHB47
2015_OHH1,CG106/PHB47,128.1597632,CG106,PHB47
2015_ONH1,CG106/PHB47,159.2394303,CG106,PHB47
2015_ONH2,CG106/PHB47,174.5640303,CG106,PHB47
2015_MNH1,CG106/PHZ51,159.0830413,CG106,PHZ51
2015_NYH2,CG106/PHZ51,137.8749484,CG106,PHZ51
2015_NYH3,CG106/PHZ51,120.4635729,CG106,PHZ51
2015_OHH1,CG106/PHZ51,137.9469551,CG106,PHZ51
2015_ONH1,CG106/PHZ51,183.5667325,CG106,PHZ51
2015_ONH2,CG106/PHZ51,172.6423616,CG106,PHZ51
2014_ILH1,CG108/CG102,210.2020649,CG108,CG102
2014_MOH1,CG108/CG102,141.3107143,CG108,CG102
2014_NYH1,CG108/CG102,97.33598343,CG108,CG102
2014_NYH2,CG108/CG102,93.14537398,CG108,CG102
2015_DEH1,CG108/CG102,159.6295199,CG108,CG102
2015_ILH1,CG108/CG102,147.9788063,CG108,CG102
2015_INH1,CG108/CG102,103.5908455,CG108,CG102
2015_MNH1,CG108/CG102,165.447871,CG108,CG102
2015_MOH1,CG108/CG102,79.16490126,CG108,CG102
2015_NEH1,CG108/CG102,106.9493736,CG108,CG102
2015_NEH2,CG108/CG102,103.6385518,CG108,CG102
2015_NEH3,CG108/CG102,124.5990128,CG108,CG102
2015_NEH4,CG108/CG102,95.46240274,CG108,CG102
2015_NYH2,CG108/CG102,143.2950938,CG108,CG102
2015_NYH3,CG108/CG102,162.8252915,CG108,CG102
2015_OHH1,CG108/CG102,129.0651665,CG108,CG102
2015_ONH1,CG108/CG102,205.8674282,CG108,CG102
2015_ONH2,CG108/CG102,182.4985677,CG108,CG102
2014_MOH1,CG108/CG110,120.3503116,CG108,CG110
2014_NYH1,CG108/CG110,172.6176818,CG108,CG110
2015_NYH3,CG108/CG110,139.393052,CG108,CG110
2015_ONH1,CG108/CG110,193.1417751,CG108,CG110
2015_ONH2,CG108/CG110,186.5799835,CG108,CG110
2014_MOH1,CG108/CG111,107.4722138,CG108,CG111
2014_NYH1,CG108/CG111,120.7897075,CG108,CG111
2015_NYH3,CG108/CG111,96.910874,CG108,CG111
2015_ONH1,CG108/CG111,163.2676233,CG108,CG111
2015_ONH2,CG108/CG111,175.6956119,CG108,CG111
2014_ILH1,CG108/CGR01,193.932213,CG108,CGR01
2014_MOH1,CG108/CGR01,117.0140274,CG108,CGR01
2014_NEH1,CG108/CGR01,7.565689745,CG108,CGR01
2014_NYH1,CG108/CGR01,128.5367639,CG108,CGR01
2015_MNH1,CG108/CGR01,144.4357277,CG108,CGR01
2015_NYH2,CG108/CGR01,122.0784649,CG108,CGR01
2015_NYH3,CG108/CGR01,94.71104403,CG108,CGR01
2015_ONH1,CG108/CGR01,177.2990285,CG108,CGR01
2015_ONH2,CG108/CGR01,203.7836323,CG108,CGR01
2014_ILH1,CG108/CGR03,210.2709214,CG108,CGR03
2014_MNH1,CG108/CGR03,168.1406208,CG108,CGR03
2014_MOH1,CG108/CGR03,147.8751192,CG108,CGR03
2014_NEH1,CG108/CGR03,10.00365052,CG108,CGR03
2014_NYH1,CG108/CGR03,186.6830067,CG108,CGR03
2015_ILH1,CG108/CGR03,167.3685559,CG108,CGR03
2015_MNH1,CG108/CGR03,160.9847117,CG108,CGR03
2015_NEH1,CG108/CGR03,89.58459505,CG108,CGR03
2015_NYH2,CG108/CGR03,148.6352836,CG108,CGR03
2015_NYH3,CG108/CGR03,137.1748112,CG108,CGR03
2015_OHH1,CG108/CGR03,162.8694775,CG108,CGR03
2015_ONH1,CG108/CGR03,190.9929019,CG108,CGR03
2015_ONH2,CG108/CGR03,206.9701244,CG108,CGR03
2014_MOH1,CG108/LH162,79.94181079,CG108,LH162
2014_NYH1,CG108/LH162,139.82747,CG108,LH162
2014_NYH2,CG108/LH162,123.9570183,CG108,LH162
2015_NYH2,CG108/LH162,27.5531071,CG108,LH162
2015_NYH3,CG108/LH162,147.5790285,CG108,LH162
2015_ONH1,CG108/LH162,138.6306417,CG108,LH162
2015_ONH2,CG108/LH162,132.0123647,CG108,LH162
2015_NYH3,CG108/LH195,109.1393406,CG108,LH195
2015_ONH1,CG108/LH195,162.8498393,CG108,LH195
2014_ILH1,CG108/LH198,169.5705952,CG108,LH198
2014_NEH2,CG108/LH198,74.65850497,CG108,LH198
2014_ILH1,CG108/LH82,138.7023306,CG108,LH82
2014_MOH1,CG108/LH82,178.6608981,CG108,LH82
2014_NYH1,CG108/LH82,142.8028209,CG108,LH82
2015_NYH3,CG108/LH82,87.50820525,CG108,LH82
2015_ONH1,CG108/LH82,181.6727784,CG108,LH82
2015_ONH2,CG108/LH82,176.8852665,CG108,LH82
2015_NEH1,CG108/PHB47,167.518005,CG108,PHB47
2015_NYH2,CG108/PHB47,162.991515,CG108,PHB47
2015_NYH3,CG108/PHB47,150.3711609,CG108,PHB47
2015_OHH1,CG108/PHB47,128.4338799,CG108,PHB47
2015_ONH1,CG108/PHB47,181.4282449,CG108,PHB47
2015_ILH1,CG108/PHZ51,138.2073952,CG108,PHZ51
2015_NYH3,CG108/PHZ51,101.6066851,CG108,PHZ51
2015_ONH1,CG108/PHZ51,187.5949255,CG108,PHZ51
2014_ILH1,CG110/LH82,172.7974333,CG110,LH82
2014_MOH1,CG110/LH82,142.0260287,CG110,LH82
2014_NYH1,CG110/LH82,166.3563244,CG110,LH82
2015_MNH1,CG110/LH82,160.2943896,CG110,LH82
2015_NYH2,CG110/LH82,129.8683458,CG110,LH82
2015_NYH3,CG110/LH82,98.1885849,CG110,LH82
2015_ONH1,CG110/LH82,200.544813,CG110,LH82
2015_ONH2,CG110/LH82,202.9403641,CG110,LH82
2015_MNH1,CG110/PHB47,179.1856483,CG110,PHB47
2015_NYH2,CG110/PHB47,125.4313382,CG110,PHB47
2015_NYH3,CG110/PHB47,132.7267571,CG110,PHB47
2015_ONH1,CG110/PHB47,208.4081214,CG110,PHB47
2015_ONH2,CG110/PHB47,180.5654842,CG110,PHB47
2015_MNH1,CG111/PHB47,143.2873947,CG111,PHB47
2015_NEH1,CG111/PHB47,150.6807987,CG111,PHB47
2015_NEH3,CG111/PHB47,89.91208958,CG111,PHB47
2015_NYH2,CG111/PHB47,119.7281922,CG111,PHB47
2015_NYH3,CG111/PHB47,102.389408,CG111,PHB47
2015_ONH1,CG111/PHB47,157.7571233,CG111,PHB47
2015_ONH2,CG111/PHB47,187.8250809,CG111,PHB47
2014_ILH1,CG118/CG44,157.8201261,CG118,CG44
2014_MOH1,CG118/CG44,111.34539,CG118,CG44
2014_NYH1,CG118/CG44,102.7622658,CG118,CG44
2015_ILH1,CG118/CG44,125.1851592,CG118,CG44
2015_MNH1,CG118/CG44,151.7129809,CG118,CG44
2015_NEH4,CG118/CG44,88.49058322,CG118,CG44
2015_NYH2,CG118/CG44,129.6468899,CG118,CG44
2015_NYH3,CG118/CG44,149.4169544,CG118,CG44
2015_OHH1,CG118/CG44,107.7184344,CG118,CG44
2015_ONH1,CG118/CG44,150.6694297,CG118,CG44
2015_ONH2,CG118/CG44,165.8825397,CG118,CG44
2014_ILH1,CG118/CGR01,187.1020618,CG118,CGR01
2014_INH1,CG118/CGR01,163.0520603,CG118,CGR01
2014_MOH1,CG118/CGR01,104.3414268,CG118,CGR01
2014_NEH2,CG118/CGR01,43.98134475,CG118,CGR01
2014_NYH1,CG118/CGR01,159.148001,CG118,CGR01
2015_MNH1,CG118/CGR01,152.1687742,CG118,CGR01
2015_NEH4,CG118/CGR01,120.2088461,CG118,CGR01
2015_NYH2,CG118/CGR01,144.3492447,CG118,CGR01
2015_NYH3,CG118/CGR01,167.0261146,CG118,CGR01
2015_OHH1,CG118/CGR01,154.6484327,CG118,CGR01
2015_ONH1,CG118/CGR01,187.6289147,CG118,CGR01
2015_ONH2,CG118/CGR01,209.8524171,CG118,CGR01
2014_ILH1,CG118/CGR03,190.6607154,CG118,CGR03
2014_MNH1,CG118/CGR03,112.9409239,CG118,CGR03
2014_MOH1,CG118/CGR03,132.7508562,CG118,CGR03
2014_NYH1,CG118/CGR03,170.9439758,CG118,CGR03
2014_NYH2,CG118/CGR03,158.3835729,CG118,CGR03
2014_WIH1,CG118/CGR03,188.3346386,CG118,CGR03
2015_MNH1,CG118/CGR03,152.9944158,CG118,CGR03
2015_NYH2,CG118/CGR03,102.9017548,CG118,CGR03
2015_NYH3,CG118/CGR03,126.6185731,CG118,CGR03
2015_ONH1,CG118/CGR03,190.0959645,CG118,CGR03
2015_ONH2,CG118/CGR03,210.9692175,CG118,CGR03
2015_NYH3,CG118/LH198,123.8422214,CG118,LH198
2015_ONH1,CG118/LH198,186.4289069,CG118,LH198
2015_NYH2,CG118/LH82,135.5020567,CG118,LH82
2015_NYH3,CG118/LH82,149.2849225,CG118,LH82
2015_ONH1,CG118/LH82,183.3599648,CG118,LH82
2015_ONH2,CG118/LH82,194.9495948,CG118,LH82
2015_ILH1,CG118/PHZ51,87.56711987,CG118,PHZ51
2015_NEH4,CG118/PHZ51,113.5591648,CG118,PHZ51
2015_NYH3,CG118/PHZ51,160.1436241,CG118,PHZ51
2015_ONH1,CG118/PHZ51,194.7675921,CG118,PHZ51
2014_MNH1,CG119/CG102,59.69156041,CG119,CG102
2014_NYH1,CG119/CG102,78.34859799,CG119,CG102
2014_NYH2,CG119/CG102,126.8560185,CG119,CG102
2015_NYH2,CG119/CG102,51.62183502,CG119,CG102
2015_NYH3,CG119/CG102,104.3230701,CG119,CG102
2015_ONH1,CG119/CG102,86.73242859,CG119,CG102
2015_ONH2,CG119/CG102,133.4272625,CG119,CG102
2014_ILH1,CG119/CG108,166.6029814,CG119,CG108
2014_MOH1,CG119/CG108,109.8091244,CG119,CG108
2014_NYH1,CG119/CG108,144.0462552,CG119,CG108
2015_DEH1,CG119/CG108,137.4269677,CG119,CG108
2015_MNH1,CG119/CG108,150.9900633,CG119,CG108
2015_NEH1,CG119/CG108,106.3375207,CG119,CG108
2015_NEH3,CG119/CG108,105.1696262,CG119,CG108
2015_NEH4,CG119/CG108,54.0057878,CG119,CG108
2015_NYH2,CG119/CG108,125.1935756,CG119,CG108
2015_NYH3,CG119/CG108,99.77770168,CG119,CG108
2015_ONH1,CG119/CG108,137.2238662,CG119,CG108
2015_ONH2,CG119/CG108,208.179347,CG119,CG108
2014_ILH1,CG119/CG44,133.4324175,CG119,CG44
2014_MOH1,CG119/CG44,122.7991312,CG119,CG44
2014_NYH1,CG119/CG44,125.7534811,CG119,CG44
2015_MNH1,CG119/CG44,139.933278,CG119,CG44
2015_NYH3,CG119/CG44,122.4487854,CG119,CG44
2015_ONH1,CG119/CG44,139.5030313,CG119,CG44
2015_ONH2,CG119/CG44,197.6943325,CG119,CG44
2015_NYH3,CG119/LH198,134.8650423,CG119,LH198
2015_ONH1,CG119/LH198,132.4313882,CG119,LH198
2014_ILH1,CG119/LH82,191.957521,CG119,LH82
2014_MOH1,CG119/LH82,147.3461239,CG119,LH82
2014_NYH1,CG119/LH82,146.9537569,CG119,LH82
2015_ILH1,CG119/LH82,136.6903436,CG119,LH82
2015_INH1,CG119/LH82,116.1070469,CG119,LH82
2015_NEH3,CG119/LH82,136.8071048,CG119,LH82
2015_NYH2,CG119/LH82,115.748825,CG119,LH82
2015_ONH1,CG119/LH82,169.7373743,CG119,LH82
2015_ONH2,CG119/LH82,175.5129766,CG119,LH82
2015_DEH1,CG119/PHZ51,141.4345489,CG119,PHZ51
2015_NEH3,CG119/PHZ51,127.5080787,CG119,PHZ51
2015_NYH3,CG119/PHZ51,87.51977776,CG119,PHZ51
2015_ONH1,CG119/PHZ51,179.8071486,CG119,PHZ51
2014_MNH1,CG120/CG102,123.5666868,CG120,CG102
2014_NYH1,CG120/CG102,132.7647545,CG120,CG102
2014_NYH2,CG120/CG102,110.6028383,CG120,CG102
2014_DEH1,CG120/LH185,156.9459121,CG120,LH185
2014_INH1,CG120/LH185,145.5617287,CG120,LH185
2014_NEH1,CG120/LH185,48.12398964,CG120,LH185
2014_NEH2,CG120/LH185,44.64466029,CG120,LH185
2015_ONH1,CG120/LH185,195.9067025,CG120,LH185
2015_ONH2,CG120/LH185,187.5237747,CG120,LH185
2015_NYH3,CG120/LH198,146.0435662,CG120,LH198
2015_ONH1,CG120/LH198,179.620208,CG120,LH198
2015_MNH1,CG120/LH82,163.2058934,CG120,LH82
2015_MOH1,CG120/LH82,80.46394705,CG120,LH82
2015_NYH2,CG120/LH82,138.6287399,CG120,LH82
2015_NYH3,CG120/LH82,144.8531751,CG120,LH82
2015_ONH1,CG120/LH82,190.1681916,CG120,LH82
2015_ONH2,CG120/LH82,196.4142545,CG120,LH82
2015_MNH1,CG120/PHZ51,143.1370954,CG120,PHZ51
2015_NYH3,CG120/PHZ51,143.7748271,CG120,PHZ51
2015_ONH1,CG120/PHZ51,201.4030404,CG120,PHZ51
2014_MNH1,CG121/CG102,91.42227383,CG121,CG102
2014_NYH1,CG121/CG102,126.2158635,CG121,CG102
2014_NYH2,CG121/CG102,130.0439603,CG121,CG102
2015_MNH1,CG121/LH198,142.3912899,CG121,LH198
2015_NYH3,CG121/LH198,134.5147107,CG121,LH198
2015_OHH1,CG121/LH198,138.0197802,CG121,LH198
2015_ONH1,CG121/LH198,193.4387085,CG121,LH198
2015_ONH2,CG121/LH198,182.1432915,CG121,LH198
2015_DEH1,CG121/LH82,149.2187392,CG121,LH82
2015_MNH1,CG121/LH82,170.7637024,CG121,LH82
2015_NEH2,CG121/LH82,167.6778767,CG121,LH82
2015_NYH2,CG121/LH82,160.6175712,CG121,LH82
2015_NYH3,CG121/LH82,151.9139876,CG121,LH82
2015_OHH1,CG121/LH82,129.2955063,CG121,LH82
2015_ONH1,CG121/LH82,203.1128863,CG121,LH82
2015_ONH2,CG121/LH82,175.3953578,CG121,LH82
2015_DEH1,CG121/PHZ51,166.4082284,CG121,PHZ51
2015_NEH2,CG121/PHZ51,141.4796849,CG121,PHZ51
2015_NYH2,CG121/PHZ51,125.3613771,CG121,PHZ51
2015_NYH3,CG121/PHZ51,142.9968385,CG121,PHZ51
2015_ONH1,CG121/PHZ51,212.244653,CG121,PHZ51
2014_NYH1,CG122/CG102,99.74592367,CG122,CG102
2014_NYH2,CG122/CG102,114.5639263,CG122,CG102
2015_MNH1,CG122/CG102,102.1509281,CG122,CG102
2015_NEH4,CG122/CG102,65.61984443,CG122,CG102
2015_NYH2,CG122/CG102,49.78285712,CG122,CG102
2015_NYH3,CG122/CG102,93.89728579,CG122,CG102
2015_ONH1,CG122/CG102,95.39259505,CG122,CG102
2015_ONH2,CG122/CG102,136.6361632,CG122,CG102
2015_MNH1,CG122/PHB47,144.3150532,CG122,PHB47
2015_NEH4,CG122/PHB47,115.7935223,CG122,PHB47
2015_NYH2,CG122/PHB47,69.89694091,CG122,PHB47
2015_NYH3,CG122/PHB47,108.7984774,CG122,PHB47
2015_ONH1,CG122/PHB47,218.7205409,CG122,PHB47
2015_ONH2,CG122/PHB47,198.2472883,CG122,PHB47
2015_NYH3,CG122/PHZ51,156.2642013,CG122,PHZ51
2015_ONH1,CG122/PHZ51,176.434192,CG122,PHZ51
2014_MNH1,CG123/CG102,117.4687303,CG123,CG102
2014_NYH1,CG123/CG102,137.359662,CG123,CG102
2014_NYH2,CG123/CG102,143.7700929,CG123,CG102
2015_MNH1,CG123/CG102,147.1330802,CG123,CG102
2015_NYH2,CG123/CG102,135.2090616,CG123,CG102
2015_NYH3,CG123/CG102,85.54403377,CG123,CG102
2015_ONH1,CG123/CG102,137.0161544,CG123,CG102
2015_ONH2,CG123/CG102,169.8069901,CG123,CG102
2014_NEH1,CG123/LH185,84.91196402,CG123,LH185
2014_NEH2,CG123/LH185,148.8151836,CG123,LH185
2015_MNH1,CG123/PHB47,162.5601757,CG123,PHB47
2015_NYH2,CG123/PHB47,138.9091104,CG123,PHB47
2015_NYH3,CG123/PHB47,160.2625054,CG123,PHB47
2015_ONH1,CG123/PHB47,176.2000441,CG123,PHB47
2015_ONH2,CG123/PHB47,187.0239473,CG123,PHB47
2015_MNH1,CG124/PHB47,136.4143845,CG124,PHB47
2015_NYH2,CG124/PHB47,90.99784466,CG124,PHB47
2015_NYH3,CG124/PHB47,148.2838999,CG124,PHB47
2015_OHH1,CG124/PHB47,123.5807878,CG124,PHB47
2015_ONH1,CG124/PHB47,209.0827127,CG124,PHB47
2015_ONH2,CG124/PHB47,189.3097295,CG124,PHB47
2015_MNH1,CG125/PHB47,166.4856973,CG125,PHB47
2015_NYH2,CG125/PHB47,37.60225865,CG125,PHB47
2015_NYH3,CG125/PHB47,132.1917913,CG125,PHB47
2015_ONH1,CG125/PHB47,202.0233434,CG125,PHB47
2015_ONH2,CG125/PHB47,216.3849969,CG125,PHB47
2015_MNH1,CG125/PHZ51,161.9697742,CG125,PHZ51
2015_NYH2,CG125/PHZ51,144.5259886,CG125,PHZ51
2015_NYH3,CG125/PHZ51,125.0494452,CG125,PHZ51
2015_ONH1,CG125/PHZ51,215.3971519,CG125,PHZ51
2015_ONH2,CG125/PHZ51,207.0169405,CG125,PHZ51
2015_MNH1,CG126/PHB47,138.159814,CG126,PHB47
2015_NYH2,CG126/PHB47,145.9988542,CG126,PHB47
2015_NYH3,CG126/PHB47,151.9734283,CG126,PHB47
2015_ONH1,CG126/PHB47,148.6612341,CG126,PHB47
2015_ONH2,CG126/PHB47,203.1759174,CG126,PHB47
2015_ILH1,CG127/PHB47,151.0213259,CG127,PHB47
2015_MNH1,CG127/PHB47,165.2756043,CG127,PHB47
2015_NEH1,CG127/PHB47,110.6678478,CG127,PHB47
2015_NYH2,CG127/PHB47,123.1315638,CG127,PHB47
2015_NYH3,CG127/PHB47,144.3061108,CG127,PHB47
2015_ONH1,CG127/PHB47,230.3287989,CG127,PHB47
2015_ONH2,CG127/PHB47,199.4908077,CG127,PHB47
2015_ILH1,CG127/PHZ51,148.1587064,CG127,PHZ51
2015_MNH1,CG127/PHZ51,177.0002839,CG127,PHZ51
2015_NEH1,CG127/PHZ51,64.92268805,CG127,PHZ51
2015_NYH2,CG127/PHZ51,163.6848138,CG127,PHZ51
2015_NYH3,CG127/PHZ51,140.2573085,CG127,PHZ51
2015_ONH1,CG127/PHZ51,225.7775498,CG127,PHZ51
2015_ONH2,CG127/PHZ51,202.0842084,CG127,PHZ51
2014_MNH1,CG44/CG102,156.1642569,CG44,CG102
2014_NYH1,CG44/CG102,162.9093315,CG44,CG102
2014_NYH2,CG44/CG102,144.0202635,CG44,CG102
2014_ILH1,CG44/CG110,147.4305848,CG44,CG110
2014_MOH1,CG44/CG110,114.7065605,CG44,CG110
2014_NYH1,CG44/CG110,138.6763606,CG44,CG110
2015_MNH1,CG44/CG110,166.3427624,CG44,CG110
2015_NEH3,CG44/CG110,88.86980577,CG44,CG110
2015_NYH2,CG44/CG110,144.2177388,CG44,CG110
2015_NYH3,CG44/CG110,80.04393282,CG44,CG110
2015_ONH1,CG44/CG110,170.3085817,CG44,CG110
2015_ONH2,CG44/CG110,181.5147461,CG44,CG110
2014_ILH1,CG44/CGR01,218.2317599,CG44,CGR01
2014_MOH1,CG44/CGR01,129.0643828,CG44,CGR01
2014_NEH1,CG44/CGR01,52.95025458,CG44,CGR01
2014_NYH1,CG44/CGR01,148.2101329,CG44,CGR01
2015_MNH1,CG44/CGR01,138.8510566,CG44,CGR01
2015_NEH3,CG44/CGR01,106.530525,CG44,CGR01
2015_NYH2,CG44/CGR01,146.0809138,CG44,CGR01
2015_NYH3,CG44/CGR01,129.4070232,CG44,CGR01
2015_OHH1,CG44/CGR01,125.8293626,CG44,CGR01
2015_ONH1,CG44/CGR01,197.9394459,CG44,CGR01
2015_ONH2,CG44/CGR01,184.1598023,CG44,CGR01
2014_NYH1,CG44/CGR03,154.2763898,CG44,CGR03
2014_ILH1,CG44/LH162,152.9150102,CG44,LH162
2014_MNH1,CG44/LH162,129.0812713,CG44,LH162
2014_MOH1,CG44/LH162,89.9114954,CG44,LH162
2014_NYH1,CG44/LH162,166.028341,CG44,LH162
2015_NYH3,CG44/LH162,125.1199323,CG44,LH162
2015_OHH1,CG44/LH162,97.48406419,CG44,LH162
2015_ONH1,CG44/LH162,146.3499681,CG44,LH162
2015_ONH2,CG44/LH162,161.3576862,CG44,LH162
2014_MNH1,CG60/CG102,110.7222527,CG60,CG102
2014_NYH2,CG60/CG102,77.97967765,CG60,CG102
2015_MNH1,CG60/CG102,122.9884615,CG60,CG102
2015_NYH2,CG60/CG102,113.4532587,CG60,CG102
2015_NYH3,CG60/CG102,100.4904634,CG60,CG102
2015_ONH1,CG60/CG102,142.1117029,CG60,CG102
2015_ONH2,CG60/CG102,137.6440241,CG60,CG102
2014_MOH1,CG60/CG110,107.5500085,CG60,CG110
2014_NYH1,CG60/CG110,126.3666698,CG60,CG110
2015_MNH1,CG60/CG110,156.120322,CG60,CG110
2015_NEH2,CG60/CG110,74.97655876,CG60,CG110
2015_NYH2,CG60/CG110,110.6248308,CG60,CG110
2015_NYH3,CG60/CG110,140.2399497,CG60,CG110
2015_OHH1,CG60/CG110,123.2976703,CG60,CG110
2015_ONH1,CG60/CG110,167.0626126,CG60,CG110
2015_ONH2,CG60/CG110,188.150216,CG60,CG110
2014_MOH1,CG60/CG111,111.2238696,CG60,CG111
2014_NYH1,CG60/CG111,120.5245917,CG60,CG111
2014_NYH2,CG60/CG111,145.5498236,CG60,CG111
2015_MNH1,CG60/CG111,141.2196922,CG60,CG111
2015_NYH2,CG60/CG111,103.826504,CG60,CG111
2015_NYH3,CG60/CG111,142.0489443,CG60,CG111
2015_OHH1,CG60/CG111,114.3606491,CG60,CG111
2015_ONH1,CG60/CG111,173.8713114,CG60,CG111
2015_ONH2,CG60/CG111,186.977552,CG60,CG111
2015_DEH1,CG60/LH162,134.191027,CG60,LH162
2015_ILH1,CG60/LH162,70.13996374,CG60,LH162
2015_INH1,CG60/LH162,67.3727649,CG60,LH162
2015_KSH1,CG60/LH162,29.62006355,CG60,LH162
2015_MNH1,CG60/LH162,126.5835507,CG60,LH162
2015_MOH1,CG60/LH162,53.15041268,CG60,LH162
2015_MOH2,CG60/LH162,44.56478853,CG60,LH162
2015_NEH1,CG60/LH162,96.38683047,CG60,LH162
2015_NEH2,CG60/LH162,74.20721815,CG60,LH162
2015_NEH3,CG60/LH162,84.6845164,CG60,LH162
2015_NEH4,CG60/LH162,91.25686006,CG60,LH162
2015_NYH2,CG60/LH162,118.5456915,CG60,LH162
2015_NYH3,CG60/LH162,110.3744436,CG60,LH162
2015_OHH1,CG60/LH162,82.60075735,CG60,LH162
2015_ONH1,CG60/LH162,151.023956,CG60,LH162
2015_ONH2,CG60/LH162,142.0957077,CG60,LH162
2014_NEH2,CG60/LH198,55.88472887,CG60,LH198
2015_MNH1,CG60/PHB47,147.9560439,CG60,PHB47
2015_NYH2,CG60/PHB47,109.215088,CG60,PHB47
2015_NYH3,CG60/PHB47,141.4987238,CG60,PHB47
2015_ONH1,CG60/PHB47,187.9721112,CG60,PHB47
2015_ONH2,CG60/PHB47,197.4449974,CG60,PHB47
2014_MNH1,CG65/CG102,140.5450194,CG65,CG102
2014_NYH1,CG65/CG102,105.5942831,CG65,CG102
2014_NYH2,CG65/CG102,112.8312515,CG65,CG102
2015_NYH2,CG65/CG102,117.3947523,CG65,CG102
2015_NYH3,CG65/CG102,152.6688312,CG65,CG102
2015_ONH1,CG65/CG102,148.1174068,CG65,CG102
2015_ONH2,CG65/CG102,161.7522038,CG65,CG102
2014_ILH1,CG65/CG108,190.6209481,CG65,CG108
2014_MOH1,CG65/CG108,129.3300536,CG65,CG108
2014_NYH1,CG65/CG108,130.3285158,CG65,CG108
2015_INH1,CG65/CG108,125.4182928,CG65,CG108
2015_MNH1,CG65/CG108,146.7769982,CG65,CG108
2015_NEH2,CG65/CG108,102.976075,CG65,CG108
2015_NYH2,CG65/CG108,93.96461679,CG65,CG108
2015_NYH3,CG65/CG108,131.0934543,CG65,CG108
2015_ONH1,CG65/CG108,189.948678,CG65,CG108
2015_ONH2,CG65/CG108,179.6206935,CG65,CG108
2014_DEH1,CG65/LH185,176.6518174,CG65,LH185
2014_INH1,CG65/LH185,161.2047186,CG65,LH185
2014_NEH1,CG65/LH185,130.3861633,CG65,LH185
2014_NEH2,CG65/LH185,84.60192581,CG65,LH185
2015_MNH1,CG65/LH185,143.2161783,CG65,LH185
2015_MOH1,CG65/LH185,89.93144046,CG65,LH185
2015_NEH4,CG65/LH185,135.7587269,CG65,LH185
2015_NYH2,CG65/LH185,156.4635642,CG65,LH185
2015_NYH3,CG65/LH185,106.4029667,CG65,LH185
2015_ONH1,CG65/LH185,214.0281422,CG65,LH185
2015_ONH2,CG65/LH185,221.6812637,CG65,LH185
2014_ILH1,CG65/LH82,194.4297785,CG65,LH82
2014_MOH1,CG65/LH82,145.4515693,CG65,LH82
2014_NYH1,CG65/LH82,133.2197184,CG65,LH82
2015_MNH1,CG65/LH82,151.2633803,CG65,LH82
2015_MOH1,CG65/LH82,55.05539105,CG65,LH82
2015_NEH2,CG65/LH82,120.8755961,CG65,LH82
2015_NYH2,CG65/LH82,124.640725,CG65,LH82
2015_NYH3,CG65/LH82,109.4060345,CG65,LH82
2015_ONH1,CG65/LH82,203.5703244,CG65,LH82
2015_ONH2,CG65/LH82,187.459179,CG65,LH82
