"ENV","Plot","Rep","Bloc","DH","GY","EPP","ASI","AD","PH","SD","uid","EID"
"14DS",1,1,1,29,5.31,1,0,53,214.3,53,"14DS_29",1
"14DS",3,1,1,18,5.41,1,3,54,222.7,57,"14DS_18",1
"14DS",4,1,1,93,NA,NA,2,53,203.3,55,"14DS_93",1
"14DS",5,1,1,107,3.87,0.9,2,54,205.7,56,"14DS_107",1
"14DS",6,1,1,96,3.26,0.9,3,55,216,58,"14DS_96",1
"14DS",7,1,1,70,3.51,0.9,4,54,196,58,"14DS_70",1
"14DS",8,1,1,106,4.75,1,2,54,200,56,"14DS_106",1
"14DS",9,1,1,15,2.38,0.8,6,55,192.7,61,"14DS_15",1
"14DS",10,1,1,40,3.52,0.9,1,54,202.3,55,"14DS_40",1
"14DS",12,1,1,139,3.74,1,2,54,214.7,56,"14DS_139",1
"14DS",13,1,1,142,3.95,0.9,0,56,209,56,"14DS_142",1
"14DS",14,1,1,33,2.78,0.9,1,55,228.3,56,"14DS_33",1
"14DS",15,1,1,52,3.69,1,2,55,224,57,"14DS_52",1
"14DS",18,1,2,72,4.2,0.9,0,53,200,53,"14DS_72",1
"14DS",19,1,2,85,2.94,0.9,1,54,204,55,"14DS_85",1
"14DS",20,1,2,26,3.25,1,-2,57,218.7,55,"14DS_26",1
"14DS",22,1,2,53,2.98,0.9,4,54,211.7,58,"14DS_53",1
"14DS",23,1,2,57,3.03,1,3,56,190.7,59,"14DS_57",1
"14DS",25,1,2,64,3.08,1,2,56,199,58,"14DS_64",1
"14DS",26,1,2,25,3.25,0.9,1,56,202.7,57,"14DS_25",1
"14DS",28,1,2,103,3.42,1,1,55,208.3,56,"14DS_103",1
"14DS",29,1,2,112,3.68,1,1,53,197,54,"14DS_112",1
"14DS",30,1,2,77,2.9,1,2,55,202.3,57,"14DS_77",1
"14DS",31,1,3,87,4.02,1,2,54,202.3,56,"14DS_87",1
"14DS",33,1,3,1,2.69,0.9,1,55,199,56,"14DS_1",1
"14DS",34,1,3,42,3.87,1,1,53,200.7,54,"14DS_42",1
"14DS",35,1,3,13,5.59,1,1,53,197.3,54,"14DS_13",1
"14DS",37,1,3,14,NA,NA,0,62,197,62,"14DS_14",1
"14DS",38,1,3,28,3.62,1,2,54,210.3,56,"14DS_28",1
"14DS",39,1,3,5,2.97,0.9,0,54,192.3,54,"14DS_5",1
"14DS",40,1,3,148,4.7,1,1,56,186,57,"14DS_148",1
"14DS",41,1,3,158,3.41,0.9,1,55,211.7,56,"14DS_158",1
"14DS",42,1,3,90,2.51,0.7,2,54,193,56,"14DS_90",1
"14DS",43,1,3,95,3.28,0.9,0,54,214.3,54,"14DS_95",1
"14DS",44,1,3,67,3.08,1,1,55,213.7,56,"14DS_67",1
"14DS",45,1,3,66,3.44,1,1,53,201,54,"14DS_66",1
"14DS",46,1,4,16,4.13,1,2,55,220,57,"14DS_16",1
"14DS",47,1,4,128,3.53,1,1,54,194.3,55,"14DS_128",1
"14DS",48,1,4,10,6.06,1,0,54,177,54,"14DS_10",1
"14DS",49,1,4,68,5.24,1,0,54,199,54,"14DS_68",1
"14DS",51,1,4,30,4.33,0.9,3,55,204.7,58,"14DS_30",1
"14DS",53,1,4,177,3.91,1,0,54,207.7,54,"14DS_177",1
"14DS",54,1,4,6,3.7,0.9,1,53,191,54,"14DS_6",1
"14DS",55,1,4,8,4.77,1,1,53,205.7,54,"14DS_8",1
"14DS",56,1,4,65,3.75,1,0,53,203.7,53,"14DS_65",1
"14DS",57,1,4,60,2.6,0.7,1,57,204.7,58,"14DS_60",1
"14DS",58,1,4,55,2.66,0.8,2,56,216,58,"14DS_55",1
"14DS",59,1,4,133,3.29,0.9,1,53,206.7,54,"14DS_133",1
"14DS",61,1,5,114,3.78,0.9,4,54,209,58,"14DS_114",1
"14DS",62,1,5,125,3.49,0.9,2,54,190.3,56,"14DS_125",1
"14DS",64,1,5,76,2.7,1,2,56,202,58,"14DS_76",1
"14DS",65,1,5,38,3.99,1,1,52,203,53,"14DS_38",1
"14DS",66,1,5,92,4.27,1,1,52,199,53,"14DS_92",1
"14DS",68,1,5,172,3.87,1,1,53,215,54,"14DS_172",1
"14DS",69,1,5,156,3.08,0.9,4,54,200.3,58,"14DS_156",1
"14DS",70,1,5,48,3.2,1,2,54,201,56,"14DS_48",1
"14DS",72,1,5,24,3.39,1,2,57,204.3,59,"14DS_24",1
"14DS",74,1,5,3,3.42,0.9,1,52,197.3,53,"14DS_3",1
"14DS",75,1,5,69,3.5,1,3,54,215,57,"14DS_69",1
"14DS",76,1,6,131,3.81,1,3,52,181.7,55,"14DS_131",1
"14DS",79,1,6,19,3.8,1,0,56,202.3,56,"14DS_19",1
"14DS",80,1,6,17,2.81,0.9,1,53,196.7,54,"14DS_17",1
"14DS",81,1,6,75,3.3,0.9,4,52,185.7,56,"14DS_75",1
"14DS",82,1,6,97,3.26,0.9,3,53,202,56,"14DS_97",1
"14DS",83,1,6,121,NA,NA,NA,62,132.7,NA,"14DS_121",1
"14DS",84,1,6,4,5.24,1,1,52,201.7,53,"14DS_4",1
"14DS",85,1,6,83,2.75,0.9,1,56,213,57,"14DS_83",1
"14DS",86,1,6,9,4.13,0.9,2,52,197.3,54,"14DS_9",1
"14DS",87,1,6,138,3.14,0.9,3,52,184.3,55,"14DS_138",1
"14DS",88,1,6,161,3.3,1,4,52,214,56,"14DS_161",1
"14DS",89,1,6,82,3.39,0.9,2,52,208.7,54,"14DS_82",1
"14DS",91,1,7,136,3.96,1,2,52,201.3,54,"14DS_136",1
"14DS",93,1,7,11,3.12,0.9,2,52,198.7,54,"14DS_11",1
"14DS",95,1,7,54,2.14,NA,0,61,214.7,61,"14DS_54",1
"14DS",96,1,7,94,6.14,1,2,52,197.3,54,"14DS_94",1
"14DS",97,1,7,145,NA,NA,1,53,205.7,54,"14DS_145",1
"14DS",98,1,7,123,NA,NA,2,61,97.7,63,"14DS_123",1
"14DS",99,1,7,27,4.63,1,4,54,209.3,58,"14DS_27",1
"14DS",100,1,7,20,3.25,1,1,54,199.7,55,"14DS_20",1
"14DS",101,1,7,58,3.63,1,0,54,211.3,54,"14DS_58",1
"14DS",102,1,7,165,2.91,0.9,5,53,204,58,"14DS_165",1
"14DS",103,1,7,154,4.82,1,5,53,201.3,58,"14DS_154",1
"14DS",105,1,7,141,3.96,1,0,54,202.3,54,"14DS_141",1
"14DS",107,1,8,159,3.44,1,0,58,198.3,58,"14DS_159",1
"14DS",108,1,8,61,3.73,0.9,4,54,212,58,"14DS_61",1
"14DS",109,1,8,173,4.21,1,2,54,206,56,"14DS_173",1
"14DS",110,1,8,47,4.24,1,0,53,208.3,53,"14DS_47",1
"14DS",111,1,8,89,2.88,1.1,1,54,220,55,"14DS_89",1
"14DS",112,1,8,143,3.85,1,1,53,198.3,54,"14DS_143",1
"14DS",113,1,8,35,4.59,1,5,53,202.7,58,"14DS_35",1
"14DS",114,1,8,2,2.74,0.8,4,54,198.3,58,"14DS_2",1
"14DS",115,1,8,135,3.36,0.9,2,54,196.3,56,"14DS_135",1
"14DS",116,1,8,81,3.33,1,1,53,215.3,54,"14DS_81",1
"14DS",117,1,8,37,3.46,0.9,3,53,205.7,56,"14DS_37",1
"14DS",118,1,8,36,3.69,0.9,0,53,205.3,53,"14DS_36",1
"14DS",120,1,8,78,3.99,0.9,0,54,191.3,54,"14DS_78",1
"14WW",1,1,1,139,6.35,1,2,56,208.3,58,"14WW_139",2
"14WW",2,1,1,38,6.24,0.9,1,54,179.7,55,"14WW_38",2
"14WW",3,1,1,55,5.58,1,2,58,193.3,60,"14WW_55",2
"14WW",4,1,1,70,5.23,0.8,3,58,173.7,61,"14WW_70",2
"14WW",6,1,1,60,5.67,1,-8,71,193,63,"14WW_60",2
"14WW",7,1,1,125,5.47,1,3,58,183,61,"14WW_125",2
"14WW",8,1,1,83,5.07,0.9,3,60,199,63,"14WW_83",2
"14WW",10,1,1,24,5.63,0.8,3,59,199.7,62,"14WW_24",2
"14WW",11,1,1,106,6.27,1.1,1,55,203.7,56,"14WW_106",2
"14WW",12,1,1,172,5.07,0.4,5,56,198,61,"14WW_172",2
"14WW",13,1,1,37,3.67,0.8,3,60,195.7,63,"14WW_37",2
"14WW",15,1,1,138,5.3,0.9,0,54,190,54,"14WW_138",2
"14WW",16,1,2,20,6.1,1,2,57,189.3,59,"14WW_20",2
"14WW",17,1,2,114,5.99,1,0,58,213.7,58,"14WW_114",2
"14WW",19,1,2,76,4,0.9,4,59,203.7,63,"14WW_76",2
"14WW",20,1,2,18,7.74,1,1,57,214,58,"14WW_18",2
"14WW",21,1,2,158,5.22,0.9,4,58,220,62,"14WW_158",2
"14WW",22,1,2,16,6.64,1,-1,59,218.3,58,"14WW_16",2
"14WW",23,1,2,25,6.48,0.7,1,58,200.3,59,"14WW_25",2
"14WW",25,1,2,133,5.96,0.9,1,57,180.7,58,"14WW_133",2
"14WW",26,1,2,136,4.91,1,4,55,177.7,59,"14WW_136",2
"14WW",28,1,2,6,3.6,1.1,4,55,184,59,"14WW_6",2
"14WW",29,1,2,94,6.81,1,0,54,198.3,54,"14WW_94",2
"14WW",30,1,2,72,6.24,1.5,0,55,205,55,"14WW_72",2
"14WW",31,1,3,28,5.52,1,3,57,193.3,60,"14WW_28",2
"14WW",33,1,3,27,6.99,0.9,6,55,192.7,61,"14WW_27",2
"14WW",34,1,3,10,4.22,0.7,3,56,174.3,59,"14WW_10",2
"14WW",35,1,3,145,6.88,1,2,55,201,57,"14WW_145",2
"14WW",36,1,3,131,5.38,1.1,2,56,181.7,58,"14WW_131",2
"14WW",37,1,3,36,7.02,1,0,54,199.3,54,"14WW_36",2
"14WW",38,1,3,61,5.49,0.9,2,56,206.7,58,"14WW_61",2
"14WW",39,1,3,1,4.56,0.8,4,58,188.7,62,"14WW_1",2
"14WW",40,1,3,142,5.55,1,1,61,195,62,"14WW_142",2
"14WW",41,1,3,173,6.56,0.9,2,55,196,57,"14WW_173",2
"14WW",42,1,3,15,2.81,0.9,4,59,179.3,63,"14WW_15",2
"14WW",43,1,3,89,6.32,0.9,3,55,196.3,58,"14WW_89",2
"14WW",44,1,3,9,6.03,1,1,55,183.7,56,"14WW_9",2
"14WW",46,1,4,66,6.08,1,3,55,195.3,58,"14WW_66",2
"14WW",47,1,4,29,5.46,1,3,56,208.7,59,"14WW_29",2
"14WW",48,1,4,161,6.3,1,3,54,197,57,"14WW_161",2
"14WW",49,1,4,81,6.89,1,2,54,203.7,56,"14WW_81",2
"14WW",51,1,4,68,6.68,0.9,0,56,204,56,"14WW_68",2
"14WW",52,1,4,4,5.53,0.9,0,56,182.7,56,"14WW_4",2
"14WW",53,1,4,11,7.12,1,2,55,180,57,"14WW_11",2
"14WW",54,1,4,121,NA,NA,NA,67,101.3,NA,"14WW_121",2
"14WW",55,1,4,5,5.27,0.9,2,55,178,57,"14WW_5",2
"14WW",58,1,4,42,6.58,1,0,53,201.7,53,"14WW_42",2
"14WW",59,1,4,154,5.55,0.9,2,57,186.3,59,"14WW_154",2
"14WW",61,1,5,156,6.58,1,0,54,200.7,54,"14WW_156",2
"14WW",62,1,5,30,6.1,1,2,56,196.7,58,"14WW_30",2
"14WW",63,1,5,177,7.1,1,1,53,193.3,54,"14WW_177",2
"14WW",64,1,5,54,4.07,0.7,3,57,211.3,60,"14WW_54",2
"14WW",66,1,5,95,6.2,1,-1,54,200.3,53,"14WW_95",2
"14WW",70,1,5,14,NA,NA,1,61,187.3,62,"14WW_14",2
"14WW",72,1,5,82,8.34,1,0,55,198.3,55,"14WW_82",2
"14WW",73,1,5,148,6.53,1,11,45,166.3,56,"14WW_148",2
"14WW",74,1,5,13,7.28,1,2,54,172.3,56,"14WW_13",2
"14WW",75,1,5,26,6.28,1,2,54,190,56,"14WW_26",2
"14WW",76,1,6,135,5.04,0.9,0,52,177.7,52,"14WW_135",2
"14WW",77,1,6,33,6.34,0.9,1,53,204,54,"14WW_33",2
"14WW",79,1,6,52,5.88,0.9,3,56,219.3,59,"14WW_52",2
"14WW",80,1,6,112,5.82,1,2,52,192.3,54,"14WW_112",2
"14WW",81,1,6,8,6.35,1,2,52,188,54,"14WW_8",2
"14WW",82,1,6,35,6.66,1,2,52,199.7,54,"14WW_35",2
"14WW",83,1,6,57,4.94,0.9,2,56,200,58,"14WW_57",2
"14WW",84,1,6,85,6.13,1,2,53,189.3,55,"14WW_85",2
"14WW",85,1,6,3,5.59,1,2,51,186.7,53,"14WW_3",2
"14WW",87,1,6,128,5.03,0.9,2,54,193.7,56,"14WW_128",2
"14WW",88,1,6,48,6.73,1,3,53,189.3,56,"14WW_48",2
"14WW",89,1,6,65,6.59,1,2,54,189,56,"14WW_65",2
"14WW",91,1,7,92,5.97,1,2,52,178,54,"14WW_92",2
"14WW",92,1,7,64,4.77,0.9,3,56,202.7,59,"14WW_64",2
"14WW",93,1,7,67,5.56,0.9,3,56,194,59,"14WW_67",2
"14WW",94,1,7,47,6.63,1,-2,58,193.3,56,"14WW_47",2
"14WW",95,1,7,2,5.88,0.9,2,59,181.3,61,"14WW_2",2
"14WW",96,1,7,93,NA,NA,2,59,175,61,"14WW_93",2
"14WW",97,1,7,19,6.62,1,1,60,182,61,"14WW_19",2
"14WW",98,1,7,143,6.94,1,1,57,188,58,"14WW_143",2
"14WW",99,1,7,96,4.37,0.9,3,58,199,61,"14WW_96",2
"14WW",100,1,7,165,NA,NA,1,60,187.7,61,"14WW_165",2
"14WW",101,1,7,40,3.74,0.7,2,57,202.3,59,"14WW_40",2
"14WW",102,1,7,97,4.85,0.8,3,59,186,62,"14WW_97",2
"14WW",103,1,7,77,3.04,0.6,3,60,177,63,"14WW_77",2
"14WW",104,1,7,107,5.84,0.9,1,57,191.3,58,"14WW_107",2
"14WW",105,1,7,90,4.07,0.9,2,57,172.7,59,"14WW_90",2
"14WW",107,1,8,141,6.38,0.9,3,53,192.7,56,"14WW_141",2
"14WW",108,1,8,87,5.36,0.9,4,54,199.3,58,"14WW_87",2
"14WW",109,1,8,58,5.77,0.8,1,56,196,57,"14WW_58",2
"14WW",110,1,8,103,NA,NA,0,57,202,57,"14WW_103",2
"14WW",112,1,8,53,5.7,1,1,54,200.3,55,"14WW_53",2
"14WW",113,1,8,69,4.74,0.9,1,57,207.3,58,"14WW_69",2
"14WW",114,1,8,75,5.48,1,3,54,186,57,"14WW_75",2
"14WW",115,1,8,159,6.8,0.9,1,57,200,58,"14WW_159",2
"14WW",116,1,8,78,7.13,1,4,54,192.7,58,"14WW_78",2
"14WW",118,1,8,17,7.27,1,2,56,181,58,"14WW_17",2
"14WW",119,1,8,123,NA,NA,0,68,89.7,68,"14WW_123",2
"16DS",1,1,1,37,3.23,0.88,2,63,161,65,"16DS_37",3
"16DS",2,1,1,143,4.33,1.07,2,58,167,60,"16DS_143",3
"16DS",3,1,1,173,3.14,0.79,3,59,173.67,62,"16DS_173",3
"16DS",4,1,1,29,3.44,1.06,3,59,184,62,"16DS_29",3
"16DS",5,1,1,159,4.95,1.09,3,59,187.33,62,"16DS_159",3
"16DS",6,1,1,85,3.44,1,4,58,177.67,62,"16DS_85",3
"16DS",7,1,1,161,3.2,0.94,5,58,200.67,63,"16DS_161",3
"16DS",10,1,1,75,3.82,0.9,3,59,172.33,62,"16DS_75",3
"16DS",12,1,2,58,5.33,0.96,3,60,190.33,63,"16DS_58",3
"16DS",13,1,2,123,0,0,0,NA,NA,NA,"16DS_123",3
"16DS",14,1,2,87,5.39,1,4,57,188.67,61,"16DS_87",3
"16DS",15,1,2,25,3.73,0.86,3,58,181,61,"16DS_25",3
"16DS",16,1,2,89,4.5,0.94,2,58,195.67,60,"16DS_89",3
"16DS",17,1,2,172,4.44,0.92,4,58,185,62,"16DS_172",3
"16DS",18,1,2,107,4.33,1,2,58,186.33,60,"16DS_107",3
"16DS",19,1,2,136,3.08,0.88,4,59,183.33,63,"16DS_136",3
"16DS",20,1,2,128,4.03,0.85,4,58,169.67,62,"16DS_128",3
"16DS",21,1,2,72,5.66,1.04,1,59,182.33,60,"16DS_72",3
"16DS",22,1,2,69,3.56,0.78,2,59,181.67,61,"16DS_69",3
"16DS",23,1,3,2,3.23,1,3,58,190,61,"16DS_2",3
"16DS",24,1,3,64,4.62,0.82,5,59,188.67,64,"16DS_64",3
"16DS",25,1,3,148,4.77,1,3,58,164.67,61,"16DS_148",3
"16DS",26,1,3,1,4,0.95,4,58,184.67,62,"16DS_1",3
"16DS",28,1,3,154,4.06,1,4,58,186.33,62,"16DS_154",3
"16DS",29,1,3,141,3.67,0.81,3,58,188.67,61,"16DS_141",3
"16DS",30,1,3,17,3.7,1.06,4,62,198.67,66,"16DS_17",3
"16DS",32,1,3,139,3.94,1.07,4,58,193.33,62,"16DS_139",3
"16DS",33,1,3,30,4.86,1.05,4,57,188,61,"16DS_30",3
"16DS",34,1,4,19,2.96,1.1,1,62,185.33,63,"16DS_19",3
"16DS",36,1,4,68,5.21,1.1,2,57,198,59,"16DS_68",3
"16DS",37,1,4,28,4.15,0.95,5,57,185.67,62,"16DS_28",3
"16DS",38,1,4,18,3.23,0.89,4,58,166,62,"16DS_18",3
"16DS",39,1,4,24,3.76,0.89,2,62,180.67,64,"16DS_24",3
"16DS",40,1,4,61,4.09,1,6,60,188,66,"16DS_61",3
"16DS",41,1,4,92,4.27,0.95,1,57,179.33,58,"16DS_92",3
"16DS",42,1,4,26,3.67,0.74,4,58,188.33,62,"16DS_26",3
"16DS",45,1,5,138,3.76,1,2,60,160,62,"16DS_138",3
"16DS",46,1,5,81,4.53,1,3,58,192.33,61,"16DS_81",3
"16DS",47,1,5,133,2.7,1.13,2,58,182.33,60,"16DS_133",3
"16DS",48,1,5,4,4.89,0.95,2,60,180.67,62,"16DS_4",3
"16DS",49,1,5,145,4.44,0.96,3,59,178.33,62,"16DS_145",3
"16DS",50,1,5,121,0,0,0,NA,70.67,NA,"16DS_121",3
"16DS",51,1,5,14,2.79,0.83,7,62,160,69,"16DS_14",3
"16DS",54,1,5,96,3.53,0.95,8,58,191.67,66,"16DS_96",3
"16DS",56,1,6,131,4.53,0.87,4,58,164.33,62,"16DS_131",3
"16DS",57,1,6,11,4.39,0.96,3,58,173.67,61,"16DS_11",3
"16DS",58,1,6,10,3.56,0.95,4,58,168.67,62,"16DS_10",3
"16DS",60,1,6,55,3.85,0.81,3,62,190.67,65,"16DS_55",3
"16DS",61,1,6,5,3.38,1.13,4,58,189,62,"16DS_5",3
"16DS",62,1,6,53,3.11,0.76,3,62,181.67,65,"16DS_53",3
"16DS",63,1,6,54,3.85,1,2,60,189.67,62,"16DS_54",3
"16DS",64,1,6,177,3.53,0.77,3,58,193.67,61,"16DS_177",3
"16DS",66,1,6,47,5.36,1,1,58,202.33,59,"16DS_47",3
"16DS",67,1,7,156,4.44,0.91,2,58,187.33,60,"16DS_156",3
"16DS",68,1,7,66,4.15,1.15,9,58,186.33,67,"16DS_66",3
"16DS",69,1,7,90,0.98,0.63,6,58,179.33,64,"16DS_90",3
"16DS",70,1,7,35,4.83,1.14,3,58,186,61,"16DS_35",3
"16DS",71,1,7,36,4.27,0.93,2,58,192,60,"16DS_36",3
"16DS",72,1,7,83,3.59,1,4,58,189,62,"16DS_83",3
"16DS",74,1,7,48,4.5,0.9,4,58,183.67,62,"16DS_48",3
"16DS",75,1,7,95,4.44,1.06,1,58,187,59,"16DS_95",3
"16DS",76,1,7,3,4.62,1.17,1,57,186,58,"16DS_3",3
"16DS",77,1,7,94,1.87,0.67,4,59,183,63,"16DS_94",3
"16DS",78,1,8,114,3.29,0.9,0,62,192,62,"16DS_114",3
"16DS",79,1,8,67,3.35,0.87,4,62,191.33,66,"16DS_67",3
"16DS",81,1,8,125,3.79,0.83,3,59,170.67,62,"16DS_125",3
"16DS",82,1,8,103,2.01,0.91,1,62,184.67,63,"16DS_103",3
"16DS",83,1,8,82,4.33,0.82,1,57,199.67,58,"16DS_82",3
"16DS",84,1,8,158,2.93,1.05,4,59,197.67,63,"16DS_158",3
"16DS",85,1,8,38,4.95,0.88,2,56,188.67,58,"16DS_38",3
"16DS",87,1,8,27,2.37,0.78,3,62,188.33,65,"16DS_27",3
"16DS",88,1,8,76,3.82,0.95,1,62,187,63,"16DS_76",3
"16DS",90,1,9,135,3.5,0.95,4,58,179.67,62,"16DS_135",3
"16DS",91,1,9,70,3.38,0.89,3,59,184,62,"16DS_70",3
"16DS",92,1,9,65,3.85,0.9,3,59,190.33,62,"16DS_65",3
"16DS",93,1,9,20,3.17,0.91,3,59,181,62,"16DS_20",3
"16DS",96,1,9,112,3.11,0.91,5,58,180,63,"16DS_112",3
"16DS",98,1,9,77,2.55,0.83,4,62,163,66,"16DS_77",3
"16DS",99,1,9,78,4,1,4,59,169.33,63,"16DS_78",3
"16DS",100,1,10,165,2.93,0.89,3,62,144.67,65,"16DS_165",3
"16DS",102,1,10,40,1.99,1.29,2,58,161.67,60,"16DS_40",3
"16DS",103,1,10,15,4.41,1.11,2,62,174,64,"16DS_15",3
"16DS",104,1,10,33,2.25,1,3,59,172,62,"16DS_33",3
"16DS",105,1,10,13,4.98,1,3,59,169.67,62,"16DS_13",3
"16DS",107,1,10,52,3.47,0.86,5,58,190,63,"16DS_52",3
"16DS",108,1,10,60,4.44,1.18,4,58,195.67,62,"16DS_60",3
"16DS",109,1,10,16,2.99,1,1,62,182.67,63,"16DS_16",3
"16DS",110,1,10,142,5.69,0.95,3,59,181.33,62,"16DS_142",3
"16DS",111,1,11,42,4.15,0.89,1,58,186,59,"16DS_42",3
"16DS",113,1,11,97,5.3,1,4,58,196.67,62,"16DS_97",3
"16DS",114,1,11,106,3.26,1.2,4,58,196.67,62,"16DS_106",3
"16DS",115,1,11,8,5.39,0.82,2,58,195.67,60,"16DS_8",3
"16DS",116,1,11,93,4.24,1.5,1,58,194.33,59,"16DS_93",3
"16DS",118,1,11,6,4.65,0.95,1,58,176,59,"16DS_6",3
"16DS",120,1,11,57,2.7,0.86,2,58,183,60,"16DS_57",3
"16DS",121,1,11,9,4.03,1.06,2,58,191.33,60,"16DS_9",3
"16WW",1,1,1,75,7.23,1,2,58,177,60,"16WW_75",4
"16WW",2,1,1,69,5.04,1.36,2,60,204,62,"16WW_69",4
"16WW",3,1,1,17,5.16,0.92,0,62,203.33,62,"16WW_17",4
"16WW",4,1,1,40,4.92,0.88,0,58,210.33,58,"16WW_40",4
"16WW",6,1,1,94,6.58,0.91,0,58,200,58,"16WW_94",4
"16WW",7,1,1,145,6.1,1.17,2,57,214,59,"16WW_145",4
"16WW",10,1,1,158,5.51,1.13,4,58,209,62,"16WW_158",4
"16WW",11,1,1,29,6.4,0.87,4,58,220,62,"16WW_29",4
"16WW",13,1,2,121,0,0,0,NA,92,NA,"16WW_121",4
"16WW",14,1,2,159,9.21,1.05,0,58,196,58,"16WW_159",4
"16WW",18,1,2,66,6.7,1.18,4,58,194.33,62,"16WW_66",4
"16WW",19,1,2,125,6.87,0.96,4,58,186,62,"16WW_125",4
"16WW",20,1,2,2,3.2,1,2,60,187,62,"16WW_2",4
"16WW",21,1,2,106,3.73,1.18,2,58,206.67,60,"16WW_106",4
"16WW",22,1,2,92,6.87,1,1,59,192.33,60,"16WW_92",4
"16WW",23,1,3,133,6.16,1.06,1,59,191,60,"16WW_133",4
"16WW",24,1,3,53,5.01,1,4,58,186,62,"16WW_53",4
"16WW",25,1,3,82,5.16,1,2,58,182,60,"16WW_82",4
"16WW",26,1,3,85,5.19,1,3,58,159.67,61,"16WW_85",4
"16WW",28,1,3,142,6.84,1.11,2,60,159.67,62,"16WW_142",4
"16WW",30,1,3,58,5.48,1,0,66,203.33,66,"16WW_58",4
"16WW",31,1,3,67,5.66,0.95,2,61,194.67,63,"16WW_67",4
"16WW",32,1,3,1,3.29,0.86,3,58,189,61,"16WW_1",4
"16WW",33,1,3,136,5.66,0.95,4,58,191,62,"16WW_136",4
"16WW",35,1,4,96,4.03,1,5,61,213,66,"16WW_96",4
"16WW",36,1,4,61,4.83,1.15,4,61,208.33,65,"16WW_61",4
"16WW",37,1,4,25,7.23,1.14,3,59,203,62,"16WW_25",4
"16WW",38,1,4,37,4.53,1.18,1,59,199,60,"16WW_37",4
"16WW",39,1,4,24,6.28,1.16,2,61,203,63,"16WW_24",4
"16WW",41,1,4,4,6.7,0.95,1,58,208.67,59,"16WW_4",4
"16WW",42,1,4,138,5.99,1.06,1,57,182.67,58,"16WW_138",4
"16WW",44,1,4,60,5.87,1,3,59,201,62,"16WW_60",4
"16WW",45,1,5,154,5.13,0.95,7,59,192,66,"16WW_154",4
"16WW",47,1,5,30,6.67,0.92,3,60,198.33,63,"16WW_30",4
"16WW",48,1,5,141,6.01,1.1,2,59,198.67,61,"16WW_141",4
"16WW",49,1,5,47,6.76,0.87,1,58,202,59,"16WW_47",4
"16WW",50,1,5,55,7.05,0.95,2,61,206.67,63,"16WW_55",4
"16WW",51,1,5,11,7.14,1.11,1,58,191.67,59,"16WW_11",4
"16WW",52,1,5,89,7.05,1,1,58,203,59,"16WW_89",4
"16WW",54,1,5,14,7.14,1.1,4,59,179,63,"16WW_14",4
"16WW",55,1,5,42,6.46,0.95,3,57,188.33,60,"16WW_42",4
"16WW",56,1,6,114,7.7,1.23,4,58,210.33,62,"16WW_114",4
"16WW",57,1,6,135,6.01,0.9,6,55,193,61,"16WW_135",4
"16WW",58,1,6,103,5.42,0.93,3,58,201,61,"16WW_103",4
"16WW",59,1,6,128,5.87,1,4,58,183,62,"16WW_128",4
"16WW",60,1,6,97,7.53,0.88,4,58,204.33,62,"16WW_97",4
"16WW",61,1,6,64,4.5,0.91,6,60,201,66,"16WW_64",4
"16WW",62,1,6,16,6.25,1,4,58,195,62,"16WW_16",4
"16WW",63,1,6,78,6.4,0.94,3,58,191.33,61,"16WW_78",4
"16WW",64,1,6,18,6.04,0.85,3,58,179,61,"16WW_18",4
"16WW",65,1,6,6,4.3,0.87,2,57,186.67,59,"16WW_6",4
"16WW",66,1,6,95,8.59,1.04,2,58,207.33,60,"16WW_95",4
"16WW",68,1,7,165,6.99,1.05,4,57,193.33,61,"16WW_165",4
"16WW",72,1,7,156,7.2,0.95,3,57,189,60,"16WW_156",4
"16WW",73,1,7,87,5.63,1.05,4,58,199.67,62,"16WW_87",4
"16WW",74,1,7,35,6.37,0.91,3,58,189,61,"16WW_35",4
"16WW",76,1,7,83,6.79,1,4,57,190,61,"16WW_83",4
"16WW",77,1,7,27,2.9,0.96,5,62,189,67,"16WW_27",4
"16WW",79,1,8,57,5.3,1.16,4,56,180,60,"16WW_57",4
"16WW",80,1,8,48,3.64,1,6,60,179.67,66,"16WW_48",4
"16WW",81,1,8,15,5.13,0.92,4,62,181.67,66,"16WW_15",4
"16WW",82,1,8,33,4.71,1.07,2,60,163.67,62,"16WW_33",4
"16WW",83,1,8,3,3.79,1,2,58,161.67,60,"16WW_3",4
"16WW",84,1,8,10,6.13,1.05,3,59,161.67,62,"16WW_10",4
"16WW",85,1,8,172,6.79,1,4,59,185,63,"16WW_172",4
"16WW",86,1,8,143,6.01,1,1,57,186.33,58,"16WW_143",4
"16WW",87,1,8,123,0.59,0.57,0,64,147.67,64,"16WW_123",4
"16WW",88,1,8,93,3.67,1.38,3,60,180.67,63,"16WW_93",4
"16WW",89,1,9,9,7.61,1.05,1,57,200.33,58,"16WW_9",4
"16WW",90,1,9,90,4.44,1,1,58,190,59,"16WW_90",4
"16WW",92,1,9,107,5.78,0.95,1,58,186,59,"16WW_107",4
"16WW",93,1,9,65,6.73,1.11,1,58,196,59,"16WW_65",4
"16WW",94,1,9,38,6.93,0.95,1,58,189.33,59,"16WW_38",4
"16WW",96,1,9,70,5.51,1.06,3,59,194,62,"16WW_70",4
"16WW",97,1,9,177,6.73,0.95,1,58,195,59,"16WW_177",4
"16WW",98,1,9,28,6.96,0.95,2,61,204.33,63,"16WW_28",4
"16WW",99,1,9,81,4.5,1,1,58,205,59,"16WW_81",4
"16WW",100,1,10,148,5.45,1,2,61,181,63,"16WW_148",4
"16WW",101,1,10,52,6.58,1.11,3,59,202.67,62,"16WW_52",4
"16WW",102,1,10,131,6.93,0.95,2,59,183.33,61,"16WW_131",4
"16WW",103,1,10,68,7.82,1,1,57,201.33,58,"16WW_68",4
"16WW",104,1,10,54,6.99,1,0,60,210.67,60,"16WW_54",4
"16WW",105,1,10,76,5.33,1,2,59,197.33,61,"16WW_76",4
"16WW",106,1,10,5,5.42,0.94,0,59,193.67,59,"16WW_5",4
"16WW",107,1,10,72,7.32,0.95,0,59,198.33,59,"16WW_72",4
"16WW",108,1,10,36,8.27,0.95,2,56,201.67,58,"16WW_36",4
"16WW",109,1,10,173,7.64,1,1,58,197,59,"16WW_173",4
"16WW",110,1,10,112,6.19,1,1,58,189.33,59,"16WW_112",4
"16WW",113,1,11,20,7.2,1,3,58,183.33,61,"16WW_20",4
"16WW",114,1,11,77,4.03,0.57,1,58,178,59,"16WW_77",4
"16WW",115,1,11,19,5.19,1.17,4,59,190,63,"16WW_19",4
"16WW",116,1,11,161,6.79,0.91,4,58,206.33,62,"16WW_161",4
"16WW",117,1,11,139,6.4,0.91,3,58,210.67,61,"16WW_139",4
"16WW",119,1,11,13,7.05,1,1,58,196,59,"16WW_13",4
"16WW",120,1,11,26,4.86,0.94,4,58,204.67,62,"16WW_26",4
"16WW",121,1,11,8,6.1,1.12,1,58,187.67,59,"16WW_8",4
